0,1,2,3,4,5,6,7,8,9,10,11,12,13,14,15,16,17,18,19,20,21,22,23,24,25,26,27,28,29,30,31,32,33,34,35,36,37,38,39,40,41,42,43,scale,bins,height,width,channels,IMAGENAME,HUMIDITY
0.0,0.0,0.0,0.0,0.0,0.0,0.0,5.3784647e-06,5.3784647e-06,0.00013984008,0.00012370468,0.00017748933,0.00067768653,0.0016834595,0.0056796586,0.016022446,0.0176575,0.030076375,0.05218724,0.08039191,0.10312668,0.106267706,0.18755244,0.28724766,0.35845315,0.3862168,0.3725071,0.25673026,0.2725268,0.24014308,0.21958658,0.19038689,0.14883287,0.20366633,0.2232547,0.16903439,0.07662161,0.046754993,0.02609631,0.0128545305,0.0026139338,0.0016242963,0.0012531823,0.00046792644,25,44,1008,756,3,IMG_7602.HEIC,10
0.0,0.0,5.4778616e-06,1.6433585e-05,1.0955723e-05,0.0,1.0955723e-05,2.1911446e-05,5.4778616e-06,3.834503e-05,0.00014790226,0.00015885799,0.0002738931,0.000909325,0.0030402131,0.004070051,0.009876585,0.026397815,0.05402267,0.08849485,0.115358286,0.12318615,0.33444536,0.33236924,0.3294112,0.3174421,0.2944789,0.24076298,0.26336464,0.2404836,0.22649862,0.20558962,0.16807723,0.22160141,0.21383381,0.16275275,0.098042764,0.054444466,0.024064247,0.011930782,0.004311077,0.0023883476,0.0017200485,0.00033414955,25,44,1008,756,3,IMG_7605.HEIC,10
0.0,0.0,0.0,0.0,0.0,0.0,5.4820075e-06,1.6446022e-05,2.192803e-05,0.00012608618,0.00016446023,0.00032343843,0.0006633229,0.0008661572,0.0013814659,0.0032124564,0.0102678,0.035687868,0.057473365,0.08761344,0.13405153,0.16575946,0.41070652,0.32158005,0.24062176,0.2235782,0.24219508,0.21421492,0.26134375,0.25679368,0.25506136,0.24830204,0.21336521,0.27705517,0.20915504,0.14595297,0.086138785,0.039722625,0.016106138,0.009253629,0.00428693,0.0024559393,0.0015349621,0.00049338065,25,44,1008,756,3,IMG_7607.HEIC,10
0.0,0.0,0.0,0.0,0.0,0.0,0.0,2.1870166e-05,8.7480665e-05,6.56105e-05,0.00010388329,0.00025697445,0.00018589641,0.00084746897,0.0016347949,0.0054675415,0.011148317,0.022088869,0.04178842,0.0910291,0.16259375,0.18783192,0.2993971,0.3093699,0.30403358,0.360475,0.35290793,0.23722023,0.2564441,0.24350789,0.23464501,0.20699018,0.14665587,0.17058183,0.15853684,0.1615221,0.10739345,0.04699352,0.016030831,0.012487865,0.009469782,0.0044287085,0.0017988211,0.00048661118,25,44,1008,756,3,IMG_7610.HEIC,10
0.0,0.0,0.0,0.0,0.0,0.0,0.0,0.0,1.7704011e-05,7.0816044e-05,0.00012982941,0.00020064546,0.0031572152,0.013608483,0.024378423,0.030616136,0.038860302,0.07437455,0.11350041,0.123638906,0.13613203,0.14379787,0.2295974,0.27375713,0.30618495,0.3491821,0.35558504,0.25371027,0.24688832,0.20855914,0.20366104,0.21104951,0.1703952,0.18471774,0.1840686,0.18412171,0.20112936,0.15731783,0.05346021,0.015001198,0.0034109727,0.0015166436,0.0010740433,0.00023015213,25,44,1008,756,3,IMG_7613.HEIC,10
0.0,0.0,0.0,0.0,0.0,0.0,5.6848535e-06,1.1369707e-05,9.0957656e-05,0.00035246092,0.00034109122,0.0005002671,0.00038088518,0.0011085464,0.0016940864,0.004456925,0.008248722,0.02483144,0.04307982,0.06353961,0.11023499,0.12687457,0.24980383,0.33579862,0.2312712,0.25709182,0.2754425,0.22983862,0.2575864,0.24117422,0.23830338,0.25720552,0.22331241,0.28118992,0.23535863,0.22833782,0.19741222,0.12408898,0.05444384,0.020528005,0.004655895,0.001824838,0.0013473103,0.00036383062,25,44,1008,756,3,IMG_7619.HEIC,10
0.0,0.0,0.0,0.0,0.0,0.0,0.0,0.0,1.6545746e-05,0.00013788122,0.00012685072,0.00034746068,0.00041364366,0.00081074156,0.0016711203,0.0034359999,0.008096385,0.014096975,0.023710053,0.065217815,0.110718615,0.13680574,0.2454782,0.3142754,0.30293053,0.29851836,0.29515955,0.24834614,0.2890983,0.2762202,0.28217667,0.2608823,0.18891932,0.19646971,0.17134774,0.1865919,0.14613754,0.07977807,0.036047664,0.012894651,0.003259512,0.0013843274,0.001152687,0.00020957945,25,44,1008,756,3,IMG_7621.HEIC,10
0.0,0.0,0.0,0.0,1.0939678e-05,0.0,0.0,1.0939678e-05,2.7349195e-05,6.5638065e-05,0.00014768566,0.00026255226,0.00036100936,0.0011814852,0.0026255227,0.006350483,0.013614429,0.028087623,0.041548897,0.06962558,0.12121163,0.14483039,0.25376225,0.27674103,0.27097583,0.3157191,0.35823068,0.30515686,0.3204341,0.27872658,0.25517344,0.22589341,0.16486642,0.19250551,0.16966893,0.13919099,0.08379246,0.057263743,0.038288873,0.021824658,0.0062520257,0.002308272,0.0012580629,0.00028443162,25,44,1008,756,3,IMG_7625.HEIC,10
0.0,0.0,1.1993624e-05,5.996812e-06,2.998406e-05,1.1993624e-05,1.7990436e-05,6.596493e-05,0.000107942615,0.00011993624,0.0001499203,0.0011094102,0.0041018194,0.032082945,0.021882366,0.02885666,0.03626872,0.062007036,0.0936762,0.11879085,0.14048132,0.1450209,0.21469787,0.23480517,0.23673615,0.24242112,0.2616469,0.23750374,0.2968302,0.30190352,0.29859325,0.28860256,0.2214083,0.24851389,0.24079598,0.1736077,0.10748086,0.115096815,0.09550523,0.057533413,0.008947244,0.001661117,0.0006236684,0.00014392349,25,44,1008,756,3,IMG_7695.HEIC,10
0.0,0.0,1.1855953e-05,1.1855953e-05,1.7783928e-05,1.7783928e-05,3.5567857e-05,7.706369e-05,6.520774e-05,0.000112631555,0.00015412738,0.0012152352,0.0054537384,0.03266908,0.01933706,0.026237223,0.03559157,0.06864004,0.10410712,0.13663393,0.15642744,0.15219487,0.22216277,0.2544584,0.25467178,0.2595505,0.29831356,0.28006724,0.31670213,0.30043578,0.2938142,0.2554958,0.18371391,0.20910937,0.19086306,0.12775382,0.09473499,0.111143626,0.07276591,0.04350542,0.0071550678,0.00149385,0.00033789466,0.00014227143,25,44,1008,756,3,IMG_7697.HEIC,10
0.0,0.0,0.0,0.0,0.0,5.883558e-06,5.883558e-06,1.7650675e-05,4.1184907e-05,8.825337e-05,0.00068249274,0.0014297046,0.009519597,0.028664695,0.029576646,0.036995813,0.043220617,0.07493299,0.102662206,0.15214881,0.2086192,0.19726394,0.25444034,0.25719386,0.28001028,0.327167,0.3553316,0.28470537,0.30157354,0.26424825,0.23530114,0.19430451,0.13138573,0.13683979,0.11199353,0.083187625,0.10087948,0.1361926,0.09977926,0.039361004,0.0030829844,0.00031182857,0.00022945876,0.00015885607,25,44,1008,756,3,IMG_7700.HEIC,10
0.0,2.4467408e-05,2.4467408e-05,3.0584262e-05,6.116852e-06,1.8350556e-05,2.4467408e-05,3.6701113e-05,8.5635926e-05,0.00015903816,0.00036701112,0.0012600715,0.0043919,0.022332627,0.025134144,0.03332461,0.036340218,0.059315115,0.09097594,0.1360082,0.17055006,0.15722756,0.20078567,0.21979685,0.23522967,0.24965931,0.27217546,0.24844207,0.29605564,0.27221826,0.26546526,0.27019972,0.21060933,0.23359646,0.22251272,0.20446801,0.19802697,0.14341572,0.10245115,0.06590908,0.011261125,0.0010398648,0.0002446741,0.00013457074,25,44,1008,756,3,IMG_7703.HEIC,10
0.0,0.0,0.0,0.0,6.0853367e-06,1.21706735e-05,1.21706735e-05,2.4341347e-05,4.8682694e-05,7.910938e-05,0.00014604809,0.0010405926,0.0022820013,0.020349367,0.048433196,0.042049676,0.03253221,0.047063995,0.07088809,0.10982207,0.16155352,0.16179085,0.2116906,0.22147582,0.22823665,0.25032032,0.28020543,0.25681338,0.31519002,0.30446157,0.26629433,0.24749672,0.19728053,0.22326492,0.20892178,0.1910674,0.19540624,0.15344785,0.09870416,0.06956148,0.017349295,0.0015943582,0.00030426684,9.736539e-05,25,44,1008,756,3,IMG_7705.HEIC,10
0.0,0.0,0.0,0.0,3.621003e-05,2.414002e-05,4.2245032e-05,3.0175024e-05,7.242006e-05,0.0001267351,0.0002534702,0.00092335575,0.0017561864,0.013717566,0.035347022,0.03197949,0.031080276,0.04776706,0.08249851,0.1455945,0.19454442,0.18698256,0.2452807,0.24773091,0.24506947,0.2710864,0.29242617,0.25690413,0.2961739,0.27319863,0.24882929,0.23097171,0.18011472,0.20693429,0.18338569,0.18347622,0.18939656,0.15035611,0.08249248,0.03748945,0.0038925782,0.00053711544,0.0002655402,0.00017501514,25,44,1008,756,3,IMG_7707.HEIC,10
0.0,0.0,0.0,0.0,0.0,1.7804061e-05,2.9673432e-05,2.3738747e-05,2.9673432e-05,7.715093e-05,0.00010682436,0.000587534,0.001970316,0.012907944,0.036320284,0.040302455,0.04066447,0.07531711,0.10693119,0.14579745,0.20685351,0.18879426,0.254693,0.26910242,0.29478183,0.32251462,0.3386332,0.27352378,0.30040196,0.25098976,0.21697214,0.18931651,0.13452747,0.15075292,0.14928111,0.10458105,0.10341191,0.16516232,0.105803594,0.037050247,0.0033352938,0.00043323214,0.00041542808,0.00010088967,25,44,1008,756,3,IMG_7708.HEIC,10
0.0,0.0,0.0,0.0,0.0,6.0488746e-06,6.0488746e-06,0.0,3.6293248e-05,4.2342122e-05,0.00012097749,0.0010343576,0.002026373,0.03332325,0.026246067,0.030849261,0.037158236,0.063307524,0.08877933,0.11449915,0.14418098,0.14900798,0.23955359,0.26832202,0.26390636,0.27945802,0.28702515,0.23814419,0.2827365,0.2763126,0.26427534,0.24972174,0.2045427,0.24736267,0.2219695,0.16021654,0.09768327,0.11919308,0.12180619,0.07991169,0.014825792,0.0011613839,0.0004294701,0.00035083474,25,44,1008,756,3,IMG_7711.HEIC,10
0.0,0.0,0.0,0.0,0.0,5.8426626e-06,5.8426626e-06,0.0,0.000116853254,0.0010925779,0.0012503298,0.006315918,0.027927928,0.01542463,0.019514494,0.030539598,0.035026763,0.046425797,0.05253722,0.07468092,0.11723302,0.13849448,0.20984507,0.2351438,0.2683243,0.29586658,0.312413,0.28429228,0.3411472,0.28393003,0.23009574,0.20485544,0.16564533,0.21838704,0.24182196,0.23360133,0.1533582,0.08378378,0.041529644,0.05339025,0.021933356,0.002564929,0.0024071771,0.0014606656,25,44,1008,756,3,IMG_7712.HEIC,10
0.0,0.0,0.0,0.0,5.8486544e-06,1.1697309e-05,2.9243272e-05,2.3394618e-05,9.9427125e-05,0.0010176658,0.0022458832,0.004907021,0.010761524,0.018926246,0.018902851,0.025102425,0.031582735,0.063744485,0.062797,0.084039316,0.12800366,0.15222877,0.2522115,0.31619582,0.3155349,0.30775034,0.3170848,0.2761793,0.29504123,0.24814086,0.19695343,0.15122865,0.104205474,0.12774631,0.14521039,0.1933916,0.2664062,0.1717165,0.09395278,0.05263789,0.013317386,0.002859992,0.0028249,0.0019359046,25,44,1008,756,3,IMG_7715.HEIC,10
0.0,0.0,0.0,0.0,5.37482e-06,0.0,0.0,1.074964e-05,2.6874099e-05,0.0002418669,0.0010104661,0.0048749615,0.021977639,0.022026012,0.01371654,0.025288528,0.03458159,0.04422402,0.032297295,0.047309164,0.072882555,0.08406218,0.1500381,0.21207426,0.24388245,0.27076194,0.32593983,0.33912963,0.40383172,0.3557862,0.30117804,0.25391188,0.17909437,0.18240526,0.14976399,0.11634873,0.081519894,0.05452217,0.038161222,0.02433181,0.0036548777,0.0017736906,0.002149928,0.001074964,25,44,1008,756,3,IMG_7717.HEIC,10
0.00435152,9.370703e-05,0.00012884717,8.785034e-05,0.0001112771,0.000117133786,0.000105420404,4.6853515e-05,8.785034e-05,9.956372e-05,0.00017570068,0.0033148862,0.0043163802,0.026431238,0.017160099,0.021921588,0.035245556,0.05501774,0.05618322,0.08679028,0.12340044,0.1241501,0.19274364,0.25091228,0.27171525,0.29207894,0.31468576,0.2962079,0.32569635,0.2630239,0.22411793,0.22009438,0.18788844,0.24139516,0.24284177,0.2185248,0.13853413,0.08576536,0.04744504,0.055468705,0.027204322,0.0037717079,0.002430526,0.0011947646,25,44,1008,756,3,IMG_7720.HEIC,10
0.0,0.0,0.0,0.0,5.455873e-06,5.455873e-06,1.0911746e-05,1.636762e-05,1.636762e-05,3.273524e-05,6.0014605e-05,0.00032735238,0.0028479658,0.021861684,0.03214055,0.019215586,0.028539672,0.056102745,0.03893311,0.044798173,0.072132096,0.09083483,0.16305423,0.20038876,0.27660185,0.3638358,0.3768044,0.28771,0.32335323,0.3241116,0.31262153,0.2582701,0.16110648,0.14838338,0.13039537,0.12014924,0.11707213,0.08127069,0.035806894,0.028921584,0.029107083,0.007010797,0.0025642605,0.0012166597,25,44,1008,756,3,IMG_7726.HEIC,10
0.0,0.0,0.0,1.1251903e-05,0.0,1.6877853e-05,5.6259516e-05,4.500761e-05,4.500761e-05,6.751141e-05,9.001522e-05,0.00014627473,0.0011758239,0.0072237216,0.03820021,0.01777238,0.022154996,0.04059124,0.05591633,0.06438901,0.09156236,0.122488216,0.23837157,0.29215565,0.27290928,0.30297998,0.31944716,0.25123248,0.3052416,0.30534288,0.2826478,0.26425657,0.19173805,0.17540592,0.18968458,0.18116689,0.11596211,0.059944514,0.03279367,0.033547547,0.007088699,0.0017384189,0.0011814497,0.00045570207,25,44,1008,756,3,IMG_7732.HEIC,10
0.0,0.0,0.0,0.0,0.0,0.0,0.0,0.0,0.0,2.8423803e-05,6.253237e-05,0.00013643426,0.0011824302,0.0055369567,0.021334907,0.029560756,0.022551445,0.04405121,0.060980428,0.08355461,0.1351893,0.16701826,0.24839562,0.2896613,0.26191968,0.29955846,0.32408252,0.24903232,0.30543083,0.3048396,0.30091143,0.26357394,0.17041776,0.13904357,0.099926725,0.12550247,0.17747255,0.113712266,0.05365277,0.02564964,0.0037348878,0.0021090463,0.0017224825,0.000522998,25,44,1008,756,3,IMG_7741.HEIC,10
0.0,0.0,0.0,1.1480307e-05,1.1480307e-05,2.8700768e-05,6.888184e-05,2.8700768e-05,6.314169e-05,5.166138e-05,6.314169e-05,0.00027552736,0.0019057309,0.006693019,0.035640612,0.024694141,0.021416513,0.045163527,0.07036854,0.092163906,0.1433546,0.15040924,0.23581699,0.2498287,0.23508799,0.27931014,0.3181308,0.25011572,0.30511785,0.31884256,0.33658537,0.29647318,0.19689874,0.17431699,0.11878674,0.0966527,0.11848251,0.12882052,0.051908206,0.034934573,0.027437933,0.0051316973,0.00225014,0.00092990487,25,44,1008,756,3,IMG_7745.HEIC,10
0.0,0.0,0.0,5.830317e-06,2.3321269e-05,5.8303172e-05,4.6642537e-05,5.2472853e-05,5.2472853e-05,6.9963804e-05,0.000110776025,0.00014575793,0.0018831925,0.021432245,0.03030599,0.022021107,0.03211922,0.059603333,0.07598653,0.089267984,0.14146681,0.19233051,0.3335991,0.34816906,0.31722173,0.30976474,0.2729113,0.21318555,0.24658744,0.23632024,0.24778847,0.23387735,0.16664796,0.17118394,0.13984598,0.1505213,0.16144148,0.10573863,0.045266584,0.04133112,0.026627058,0.004885806,0.0025536788,0.0005305589,25,44,1008,756,3,IMG_7747.HEIC,10
0.0,0.0,0.0,0.0,0.0,0.0,0.0,1.7080249e-05,3.4160497e-05,5.1240742e-05,0.00018218931,0.0014973683,0.015298208,0.023821251,0.02136739,0.020507684,0.030676125,0.058596637,0.07367849,0.08873758,0.14919028,0.19293848,0.35369778,0.3551553,0.31123626,0.28183547,0.26516515,0.24657615,0.29929718,0.27243564,0.24007997,0.20389831,0.13549191,0.12974726,0.12047838,0.15053391,0.13856636,0.07424784,0.031854663,0.035441514,0.011591795,0.0027840803,0.0015372223,0.00040992594,25,44,1008,756,3,IMG_7748.HEIC,10
0.0,0.0,1.1778422e-05,0.0,2.3556844e-05,3.5335266e-05,8.2448954e-05,2.9446055e-05,1.7667633e-05,4.1224477e-05,8.2448954e-05,0.0002120116,0.001283848,0.008539356,0.032667454,0.036754567,0.03174285,0.05674844,0.07644196,0.07986359,0.097525336,0.102837406,0.19237109,0.31349447,0.3450312,0.34605005,0.2954205,0.24191701,0.26633957,0.24968489,0.24384278,0.23113386,0.17508624,0.18945591,0.17072234,0.1558344,0.20227674,0.1531077,0.08178347,0.04327981,0.038692117,0.022832472,0.0033568502,0.0012072882,25,44,1008,756,3,IMG_7751.HEIC,10
0.0,0.0,0.0,0.0,5.8584806e-06,5.8584806e-06,0.0,5.8584806e-06,2.9292403e-05,0.00054483867,0.0021676377,0.010328501,0.010844047,0.025771456,0.022801206,0.020528115,0.02401977,0.047658738,0.0720183,0.09960589,0.15673779,0.17768186,0.2392369,0.24309179,0.30100873,0.32235703,0.3316486,0.25240678,0.29368564,0.28232017,0.279637,0.2557051,0.17692025,0.17092118,0.13700056,0.1241412,0.13314569,0.11012186,0.05379257,0.032520425,0.035033714,0.015835473,0.0024195525,0.00073816854,25,44,1008,756,3,IMG_7757.HEIC,10
0.0,0.0,0.0,0.0,0.0,0.0,2.4648314e-05,1.8486237e-05,0.0,0.00071480114,0.0020149997,0.006125106,0.013766084,0.033546355,0.046147805,0.064874366,0.07318085,0.10484777,0.106714875,0.15361446,0.18554635,0.13015543,0.17291409,0.2211077,0.28614843,0.3419707,0.29066524,0.2391441,0.26567802,0.2545801,0.25759336,0.23639582,0.17135508,0.16292536,0.14125949,0.11622296,0.22749162,0.24838722,0.09273312,0.03458775,0.0071726595,0.0032843878,0.0020088376,0.00088117726,25,44,1008,756,3,IMG_7761.HEIC,10
0.0,0.0,6.23063e-06,1.246126e-05,1.869189e-05,6.23063e-06,1.246126e-05,6.23063e-06,7.476756e-05,0.001532735,0.00434898,0.017389689,0.017352303,0.020916225,0.019875709,0.038667288,0.049988344,0.07668659,0.09916048,0.13796484,0.18248892,0.18713073,0.2632254,0.2758736,0.27341872,0.31807366,0.2948334,0.22100045,0.23401,0.21858296,0.21329315,0.1926947,0.14855067,0.17568508,0.19539878,0.22687593,0.2456675,0.18071319,0.08790173,0.06282967,0.038910285,0.020336775,0.0051278085,0.0013956612,25,44,1008,756,3,IMG_7781.HEIC,11
0.0,0.0,0.0,1.8040875e-05,3.0068124e-05,4.2095373e-05,4.2095373e-05,2.40545e-05,0.00010223162,0.0008960301,0.0016898286,0.008088325,0.019057177,0.027891193,0.021973785,0.032708105,0.042841062,0.066360354,0.07420212,0.10806484,0.14985953,0.16903096,0.26427475,0.28991085,0.30710378,0.3189807,0.30974978,0.22902289,0.25892264,0.25053963,0.24631807,0.21682726,0.1697466,0.18949534,0.19971249,0.17752822,0.17431694,0.12447602,0.0527876,0.03489105,0.027301857,0.013127743,0.003493916,0.0012207659,25,44,1008,756,3,IMG_7782.HEIC,11
0.0,0.0,0.0,2.4780396e-05,1.8585297e-05,0.0,1.2390198e-05,1.8585297e-05,0.00021682847,0.0019204807,0.0046958853,0.016937401,0.02217226,0.02030134,0.019322515,0.032121588,0.041885067,0.088577524,0.11451641,0.15904059,0.19987248,0.18211113,0.2608942,0.26817966,0.2928795,0.3197043,0.33734173,0.22712472,0.23337558,0.21304946,0.20283374,0.19147193,0.14987184,0.17098473,0.17978798,0.19520757,0.21685325,0.15992649,0.07484299,0.0534699,0.037672397,0.024315763,0.006120758,0.0012885806,25,44,1008,756,3,IMG_7785.HEIC,11
0.0,0.0,6.0126376e-06,0.0,6.0126376e-06,6.0126376e-06,1.8037914e-05,3.6075828e-05,7.2151655e-05,0.001659488,0.0077563026,0.022162583,0.018422721,0.016330324,0.015584757,0.026112886,0.03763911,0.059026062,0.07476715,0.12508692,0.17410795,0.18159969,0.28572053,0.3023575,0.3104926,0.35333866,0.35831112,0.2529637,0.23456502,0.20149551,0.18904935,0.17157663,0.13061252,0.15512004,0.16558804,0.16338742,0.17241238,0.14997923,0.08508483,0.06049916,0.040651444,0.030766666,0.006487636,0.0010582242,25,44,1008,756,3,IMG_7786.HEIC,11
0.0,0.0,0.0,0.0,5.8362616e-06,5.8362616e-06,2.3345046e-05,1.1672523e-05,9.3380186e-05,0.0010271821,0.002118563,0.011462417,0.016125591,0.019872472,0.013575144,0.021127267,0.030103438,0.052864857,0.06726875,0.099864274,0.13517365,0.15147433,0.24599259,0.28871402,0.31393835,0.3564672,0.34873998,0.26904,0.2793235,0.24984452,0.22244327,0.18488109,0.13493437,0.16636264,0.18503284,0.17603916,0.15290421,0.10773155,0.051884364,0.038863666,0.030990548,0.017001031,0.0032683066,0.00091629307,25,44,1008,756,3,IMG_7789.HEIC,11
0.0,0.0,5.925509e-06,1.7776527e-05,1.1851018e-05,5.925509e-05,2.9627545e-05,4.147856e-05,5.925509e-05,0.0003436795,0.001339165,0.0055285,0.014161967,0.022570264,0.01984453,0.022801358,0.03483607,0.06449324,0.08717016,0.10879234,0.13686147,0.15241002,0.25102827,0.2666301,0.29278532,0.35811406,0.3474837,0.26114902,0.26664197,0.24319474,0.22621223,0.1947537,0.14205815,0.17860669,0.208015,0.19627656,0.1594673,0.09847011,0.052825913,0.042888835,0.03512049,0.018404631,0.0031108921,0.0009066029,25,44,1008,756,3,IMG_7793.HEIC,11
0.0,0.0,0.0,0.0,1.6952703e-05,1.1301802e-05,0.00014127253,0.0007176644,0.0043285904,0.0019608627,0.0012940563,0.0020343245,0.0027689415,0.0043681464,0.013590417,0.047292393,0.05229909,0.075784236,0.09187235,0.13233845,0.17289497,0.15678425,0.20570976,0.23026292,0.25631922,0.29374513,0.33422256,0.3125683,0.40079582,0.35383117,0.24815367,0.17947827,0.112837195,0.105869636,0.08669047,0.06934786,0.09323422,0.13780853,0.08504041,0.032436173,0.005334451,0.0013053581,0.0005424865,0.00022603605,25,44,1008,756,3,IMG_7795.HEIC,11
0.0,0.0,0.0,1.8056733e-05,3.0094558e-05,4.815129e-05,4.815129e-05,1.8056733e-05,3.6113466e-05,0.00015649169,0.0013181416,0.0058503817,0.02354598,0.019982785,0.019140137,0.022534804,0.03660702,0.06053821,0.07707216,0.10398873,0.1536628,0.16096976,0.22230247,0.25955352,0.30759045,0.34443823,0.31876758,0.22490866,0.24951397,0.2383549,0.23489404,0.21424314,0.16934207,0.20168169,0.21914856,0.22003937,0.19194308,0.12290015,0.055608723,0.04180134,0.037016306,0.022588974,0.0034789308,0.001017196,25,44,1008,756,3,IMG_7797.HEIC,11
0.0,0.0,5.7875513e-06,5.7875513e-06,1.1575103e-05,3.4725308e-05,5.2087962e-05,4.051286e-05,6.3663065e-05,0.000104175924,0.0002141394,0.0026275483,0.012825213,0.022322586,0.020898849,0.022380462,0.028850943,0.055647306,0.06748285,0.099163905,0.13869867,0.16419862,0.23513085,0.22750285,0.27516913,0.3413845,0.3387454,0.2908997,0.3274886,0.28011748,0.24119042,0.20741427,0.15735774,0.19245923,0.19323477,0.15977114,0.120676234,0.07712491,0.03760172,0.029070871,0.025771966,0.013583383,0.0022802951,0.000787107,25,44,1008,756,3,IMG_7799.HEIC,11
0.0,0.0,0.0,0.0,0.0,5.7628195e-06,1.1525639e-05,5.7628195e-06,5.1865376e-05,0.00011525639,0.00058204477,0.002558692,0.012695491,0.021161074,0.025558105,0.024981823,0.0313094,0.05717293,0.0780401,0.12000495,0.16007383,0.17177813,0.2460724,0.24807209,0.26442698,0.28697112,0.3138201,0.28372666,0.35200453,0.32346705,0.26508394,0.21705659,0.16908689,0.19059373,0.15756701,0.12513962,0.087249085,0.056930892,0.032266025,0.031113463,0.025235387,0.007699127,0.0013369741,0.0005186538,25,44,1008,756,3,IMG_7800.HEIC,11
0.0,0.0,0.0,0.0,0.0,0.0,5.8048295e-06,1.1609659e-05,2.3219318e-05,5.8048296e-05,0.0012538432,0.0036802618,0.017542195,0.023846239,0.024031995,0.022371814,0.02700987,0.05251049,0.08874423,0.15115196,0.20256533,0.16446823,0.21581195,0.2587909,0.28549314,0.36951223,0.3854523,0.28696173,0.28219017,0.23911254,0.21511537,0.18080303,0.12990047,0.14298455,0.15341003,0.15731087,0.14252597,0.09209362,0.037017398,0.028983513,0.027108554,0.010355816,0.0025309057,0.00081848097,25,44,1008,756,3,IMG_7802.HEIC,11
0.0,0.0,0.0,1.2073277e-05,1.2073277e-05,1.2073277e-05,4.8293106e-05,6.0366383e-05,2.4146553e-05,0.00014487932,0.0017144053,0.0062660305,0.013256458,0.020886768,0.023518743,0.030153008,0.038598265,0.07320631,0.11600608,0.14914723,0.16358685,0.154876,0.24180962,0.25893557,0.26959628,0.32336462,0.36999762,0.2615796,0.2583681,0.22543825,0.20939288,0.18954441,0.1520086,0.16234331,0.15359622,0.20966452,0.23385333,0.1463764,0.057203185,0.042002928,0.029150926,0.011336807,0.0024388018,0.0006761035,25,44,1008,756,3,IMG_7805.HEIC,11
0.0,0.0,0.0,0.0,0.0,5.9616855e-06,0.0,5.9616855e-06,1.7885057e-05,7.154023e-05,0.0010015632,0.0039287508,0.011094697,0.017479662,0.024729071,0.030601332,0.034154497,0.06743859,0.10868749,0.17108846,0.18357222,0.16479291,0.24921037,0.24079844,0.25537476,0.32019615,0.3972748,0.26206377,0.2601918,0.24013072,0.22437996,0.19053547,0.13503218,0.13999826,0.16646814,0.21295737,0.1915728,0.10973675,0.044658985,0.03625301,0.028258389,0.015792504,0.0029868043,0.0005484751,25,44,1008,756,3,IMG_7806.HEIC,11
0.0,0.0,0.0,1.2109015e-05,6.0545076e-06,3.0272538e-05,7.265409e-05,4.2381555e-05,3.0272538e-05,7.265409e-05,0.000762868,0.003408688,0.012448068,0.020809343,0.031156495,0.038639866,0.041309904,0.061507743,0.08799016,0.14803271,0.18011555,0.16381681,0.2425133,0.26346794,0.26033777,0.31221884,0.37302426,0.262693,0.2549008,0.23251732,0.23032558,0.21522564,0.16356252,0.1738673,0.17346165,0.20035577,0.18474118,0.12144131,0.054514788,0.043501638,0.031253368,0.022050517,0.006599413,0.0009868847,25,44,1008,756,3,IMG_7809.HEIC,11
0.0,0.0,1.2000406e-05,0.0,1.800061e-05,4.8001624e-05,5.4001826e-05,3.600122e-05,7.800264e-05,0.00013800467,0.00023400792,0.00236408,0.007734262,0.013968472,0.02246476,0.030739041,0.039505336,0.076880604,0.10191945,0.10957571,0.13362452,0.16743566,0.2922639,0.29676405,0.2634809,0.28893378,0.30772042,0.20809305,0.23969612,0.23795605,0.2274677,0.206527,0.1540372,0.177186,0.24443027,0.28614968,0.19564863,0.09571524,0.04614156,0.04614156,0.030613035,0.016650563,0.0035221193,0.00047401604,25,44,1008,756,3,IMG_7810.HEIC,11
0.0,0.0,0.0,6.0561347e-06,2.4224539e-05,5.4505213e-05,4.239294e-05,5.4505213e-05,7.267362e-05,0.000496603,0.0046389992,0.011470319,0.018162347,0.016581697,0.027622031,0.040503427,0.041684374,0.06630256,0.086148515,0.12292136,0.18012762,0.20648997,0.26369017,0.29980895,0.2959633,0.30765164,0.30575,0.2313504,0.23858748,0.21321833,0.19010812,0.16639836,0.12244293,0.15621799,0.243929,0.28939238,0.19114372,0.10733288,0.054032832,0.051349968,0.03876532,0.020863384,0.0030704602,0.0005935012,25,44,1008,756,3,IMG_7813.HEIC,11
0.0,0.0,0.0,1.2015017e-05,1.8022525e-05,4.205256e-05,5.4067576e-05,3.604505e-05,7.809761e-05,9.612014e-05,6.60826e-05,0.005659073,0.01916996,0.015259071,0.024006004,0.037985478,0.04028635,0.06951288,0.07415669,0.09822276,0.1319309,0.15739672,0.26453462,0.31607905,0.31639746,0.31373614,0.31381422,0.22832738,0.24112336,0.22193539,0.20949985,0.18897219,0.13520499,0.151209,0.19923902,0.281638,0.20167206,0.13248359,0.06220775,0.052745923,0.04229887,0.026348932,0.003934918,0.0006187734,25,44,1008,756,3,IMG_7815.HEIC,11
0.00012864219,4.9006547e-05,1.8377455e-05,2.4503273e-05,1.8377455e-05,6.1258183e-06,7.350982e-05,5.5132365e-05,7.350982e-05,0.00014089383,0.0006003302,0.003412081,0.013409416,0.017348317,0.021366855,0.034678258,0.04982128,0.0905396,0.10714669,0.12702496,0.17204973,0.18953894,0.26726332,0.2692726,0.26255256,0.26275474,0.24987213,0.19143794,0.21724603,0.20245217,0.19205053,0.1803686,0.14454481,0.21165314,0.32355347,0.33073294,0.22973044,0.11291108,0.064651884,0.061607353,0.040865336,0.022212217,0.002560592,0.00034917163,25,44,1008,756,3,IMG_7816.HEIC,11
0.0012332448,0.00018135953,3.6271907e-05,1.2090635e-05,1.8135954e-05,2.418127e-05,5.4407858e-05,5.4407858e-05,0.0001027704,0.0001692689,0.0023939458,0.0053380155,0.013771233,0.016140997,0.019822596,0.030855302,0.045914188,0.08035436,0.0856682,0.11293862,0.15688808,0.18024114,0.25570485,0.2952352,0.2722569,0.26919195,0.2694942,0.2091559,0.22967975,0.21397401,0.20279019,0.18735044,0.14587352,0.22473468,0.33087838,0.29192838,0.19900581,0.0948329,0.053434562,0.04930561,0.036580216,0.020590352,0.0021400424,0.00047153476,25,44,1008,756,3,IMG_7819.HEIC,11
0.0011308065,0.000124951,8.74657e-05,1.8742649e-05,1.8742649e-05,6.2475497e-06,2.4990199e-05,6.2475497e-06,9.371324e-05,0.0014869168,0.0038484905,0.007534545,0.014887911,0.021247916,0.027576685,0.0348051,0.046319332,0.09493152,0.1413883,0.15267137,0.18004814,0.17014576,0.23034716,0.25686175,0.29320374,0.3073357,0.28915533,0.22686727,0.24469154,0.22994107,0.21944518,0.1938927,0.13771474,0.15862529,0.1969665,0.26128504,0.24732175,0.15559523,0.07244034,0.05803349,0.048762124,0.028869927,0.0044482555,0.00072471576,25,44,1008,756,3,IMG_7820.HEIC,11
1.8944264e-05,2.5259018e-05,1.8944264e-05,0.0,1.8944264e-05,6.3147545e-06,1.2629509e-05,4.4203283e-05,0.00014523935,0.0020775541,0.003624669,0.008897489,0.02082606,0.032085266,0.037553847,0.056106593,0.07786092,0.14639495,0.14052223,0.16003482,0.19988093,0.16871761,0.22922559,0.29944566,0.32759053,0.30333555,0.28422078,0.21201156,0.23476994,0.21465746,0.19837801,0.16929857,0.12565099,0.15933388,0.19564372,0.23574242,0.21875572,0.14703274,0.072708085,0.061789874,0.046962827,0.017794978,0.0023301444,0.00059358694,25,44,1008,756,3,IMG_7822.HEIC,11
0.0,0.0,0.0,0.0,0.0,0.0,6.2245726e-06,0.0,0.0,0.00021163547,0.002838405,0.0064860047,0.012972009,0.04629215,0.050562203,0.060677134,0.06464218,0.087100446,0.10900471,0.1507965,0.1927688,0.18602757,0.2497921,0.26925012,0.30252045,0.3316328,0.3080541,0.21561298,0.23731805,0.23167238,0.20869125,0.20049348,0.15168038,0.1623244,0.15151232,0.15213478,0.18844894,0.2363159,0.11130781,0.049124327,0.009890846,0.0032990235,0.0014441009,0.00051663956,25,44,1008,756,3,IMG_7826.HEIC,11
0.0,0.0,0.0,1.2503488e-05,0.0,1.2503488e-05,5.6265693e-05,8.127267e-05,4.3762207e-05,6.876918e-05,0.0007126988,0.00351348,0.009696455,0.022568796,0.037360422,0.05997923,0.07335796,0.13490638,0.14199586,0.16631514,0.200731,0.18048784,0.2606602,0.27325746,0.3274226,0.34411472,0.28345406,0.19421043,0.20730157,0.1934102,0.18852134,0.17664301,0.1355628,0.15382415,0.1419521,0.13618174,0.19527322,0.25835955,0.15767524,0.07601495,0.020074349,0.0055452967,0.002144348,0.0006251744,25,44,1008,756,3,IMG_7829.HEIC,11
0.0,0.0,0.0,0.0,0.0,0.0,6.230224e-06,0.0,4.984179e-05,0.0001308347,0.0021369667,0.0063423677,0.015282739,0.025961343,0.03450298,0.068414085,0.084288694,0.10715362,0.1298441,0.1574689,0.18474482,0.18638338,0.25528964,0.30377948,0.343628,0.2870015,0.24244916,0.19864446,0.2201948,0.19651996,0.18939257,0.16882661,0.12621811,0.14432937,0.14085913,0.14565018,0.25437382,0.30115032,0.13596217,0.06656371,0.016840294,0.0046103657,0.0021369667,0.00059810147,25,44,1008,756,3,IMG_7832.HEIC,11
0.0,0.0,0.0,0.0,0.0,0.0,6.2089216e-06,6.2089216e-06,4.3462453e-05,0.0007761152,0.004191022,0.006339309,0.012715871,0.029181931,0.05440257,0.07523971,0.069055624,0.090128705,0.10805386,0.15120587,0.18824829,0.19710843,0.26844895,0.2753098,0.30298296,0.29281273,0.24275641,0.1906884,0.22080167,0.20636593,0.19293603,0.17233483,0.124557175,0.14734392,0.1698761,0.22173922,0.3281477,0.23614392,0.09633142,0.03903549,0.010989791,0.0031789679,0.0016267374,0.00038495313,25,44,1008,756,3,IMG_7834.HEIC,11
0.0,0.0,0.0,0.0,1.941351e-05,1.2942341e-05,3.882702e-05,0.0,0.000110009896,0.002549641,0.00923436,0.013123534,0.025011074,0.039241176,0.05635095,0.094459675,0.11753587,0.1597732,0.16379826,0.17998913,0.23240562,0.1972154,0.2645932,0.30539393,0.30282488,0.2684371,0.22523555,0.17976265,0.19822489,0.18774806,0.18133514,0.17471513,0.13372026,0.15568341,0.15823306,0.16898167,0.26562214,0.24615684,0.11905659,0.0625568,0.030511567,0.009091995,0.0022131403,0.0003753279,25,44,1008,756,3,IMG_7835.HEIC,11
0.0,0.0,0.0,0.0,0.0,0.0,0.0,6.4830306e-06,0.00033711758,0.0035786328,0.006087566,0.010107045,0.023267597,0.034392476,0.03942979,0.063818954,0.09280458,0.15298656,0.15375803,0.16982947,0.20619279,0.19692205,0.24059175,0.24723037,0.2805791,0.28184327,0.24590783,0.18630934,0.20879896,0.20971307,0.2178363,0.20488322,0.15746632,0.18852004,0.2197877,0.23810226,0.25313643,0.18267883,0.09222759,0.06321603,0.037621025,0.024881871,0.004907654,0.0006223709,25,44,1008,756,3,IMG_7839.HEIC,11
0.0,0.0,0.0,0.0,6.4807546e-06,0.0,0.0,0.0,0.0018664573,0.0064029857,0.0067659076,0.012669875,0.022721525,0.0335055,0.04508661,0.07971328,0.1052345,0.13436548,0.13351002,0.15516223,0.18309428,0.17790319,0.23416263,0.23923057,0.27258703,0.31156877,0.30453065,0.20925708,0.22820681,0.2014348,0.19403379,0.1827184,0.15146172,0.1957188,0.21832366,0.23033898,0.24877025,0.17441654,0.08633661,0.06634349,0.051547922,0.03203437,0.0069020037,0.000712883,25,44,1008,756,3,IMG_7841.HEIC,11
0.0,0.0,0.0,0.0,0.0,0.0,0.0,2.3852283e-05,8.944606e-05,0.00039356266,0.00036971038,0.0007274946,0.0012343556,0.01883734,0.051735602,0.061020102,0.040399805,0.061079733,0.09965484,0.13594608,0.18665604,0.18601203,0.2772649,0.296466,0.2633292,0.27211282,0.30381247,0.26176688,0.28678197,0.25577995,0.24956644,0.2527209,0.20801575,0.21561867,0.16283953,0.1204421,0.090191446,0.067925334,0.042671733,0.03647014,0.020190958,0.010912419,0.004060851,0.0010256482,25,44,1008,756,3,IMG_7843.HEIC,11
0.0,0.0,0.0,0.0,0.0,6.135108e-06,3.067554e-05,6.135108e-05,0.0001533777,0.00026380963,0.00026994475,0.00041718734,0.0004049171,0.016712034,0.062455397,0.06611192,0.055461377,0.07925332,0.10555453,0.13834055,0.17202842,0.16422457,0.23315251,0.28758317,0.26760727,0.24214658,0.2533002,0.22693151,0.27082208,0.26552746,0.2656195,0.26771158,0.22048351,0.25346586,0.23526911,0.17962982,0.12000271,0.07957848,0.047473464,0.03873707,0.027601851,0.019031106,0.010711898,0.0011104546,25,44,1008,756,3,IMG_7852.HEIC,12
0.0,0.0,0.0,1.2331455e-05,1.2331455e-05,6.1657274e-06,4.3160093e-05,9.865164e-05,0.000135646,0.00025279482,0.00033294928,0.00041926946,0.0019976958,0.03747529,0.06969738,0.07352013,0.05567652,0.086042725,0.11073647,0.14057241,0.16813321,0.15742335,0.23153539,0.29505473,0.30939004,0.27583614,0.24483487,0.19885704,0.24879327,0.26479334,0.26619294,0.26014438,0.20959157,0.24753545,0.22892113,0.16924305,0.109324515,0.07110933,0.050256845,0.05144683,0.03847414,0.016857099,0.0066774827,0.0011221624,25,44,1008,756,3,IMG_7855.HEIC,12
0.0,0.0,0.0,0.0,0.0,0.0,5.743684e-06,4.020579e-05,0.00013210473,0.00021826,0.00020102895,0.00045375104,0.0006203179,0.009034815,0.05829265,0.0653861,0.047500268,0.05673611,0.0759832,0.12144446,0.16443594,0.20581344,0.31088266,0.28798833,0.26805198,0.26522034,0.24456607,0.23474437,0.32938305,0.31376597,0.29664406,0.26671946,0.17988645,0.16964546,0.13025527,0.09169217,0.061308086,0.046885695,0.030016493,0.023411257,0.011010642,0.004778745,0.003090102,0.00071796053,25,44,1008,756,3,IMG_7856.HEIC,12
0.0,0.0,0.0,6.1025016e-06,0.0,1.8307504e-05,6.1025017e-05,8.543502e-05,0.00017087004,0.0003356376,0.0003600476,0.00058584014,0.0026301781,0.019924669,0.05954211,0.07645214,0.07100261,0.10711111,0.14669804,0.17943186,0.20728368,0.20182194,0.3012378,0.3100254,0.28816622,0.25577414,0.22839223,0.19267428,0.24849997,0.2581236,0.26888233,0.27068257,0.20658189,0.20973077,0.15515,0.11506877,0.081462294,0.056027066,0.03770736,0.036871314,0.02841935,0.017630126,0.00841535,0.0013547554,25,44,1008,756,3,IMG_7857.HEIC,12
0.0,0.0,0.0,0.0,6.1143546e-06,1.8343064e-05,3.0571773e-05,8.5600965e-05,0.00015285886,0.0002996034,0.00037297563,0.00077040866,0.007135452,0.023399634,0.055493884,0.06557034,0.055249307,0.08881711,0.12965488,0.1535131,0.1767232,0.1823056,0.29857618,0.3013093,0.24384658,0.23166066,0.22725222,0.18974066,0.24268486,0.26807165,0.28651255,0.27959108,0.22692205,0.260337,0.20988744,0.14627983,0.10343042,0.06581491,0.041345265,0.04190167,0.031262696,0.01686339,0.0058697807,0.000672579,25,44,1008,756,3,IMG_7860.HEIC,12
0.0,0.0,0.0,5.9918266e-06,0.0,1.7975479e-05,5.9918266e-06,4.7934613e-05,4.7934613e-05,0.00012582836,0.0001797548,0.00032955047,0.0008807985,0.0079930965,0.062231112,0.056694664,0.04739535,0.056143414,0.09109973,0.12549281,0.14165877,0.14592494,0.22797702,0.27935094,0.29336584,0.27745152,0.2626577,0.22003785,0.27888358,0.2927966,0.27921912,0.2660371,0.20741306,0.2523278,0.21776694,0.15507446,0.10609128,0.07047586,0.044069886,0.040732436,0.030288683,0.019563314,0.0072321347,0.0009706759,25,44,1008,756,3,IMG_7862.HEIC,12
0.0,0.0,0.0,6.1285327e-06,1.22570655e-05,2.4514131e-05,1.83856e-05,7.35424e-05,8.579946e-05,0.00022675571,0.0003002981,0.0006373674,0.002359485,0.015462288,0.053465318,0.08126435,0.049886256,0.082293935,0.12279741,0.15674335,0.1986135,0.19618046,0.29976493,0.30354622,0.26858908,0.2595495,0.25531468,0.21539953,0.255474,0.25308388,0.25152725,0.24912485,0.2014081,0.23502924,0.19728972,0.14492755,0.097351745,0.066990994,0.047980282,0.046031408,0.03450364,0.018986195,0.006649458,0.0012624777,25,44,1008,756,3,IMG_7863.HEIC,12
0.0,0.0,0.0,0.0,0.0,6.0684374e-06,3.0342188e-05,1.8205312e-05,4.2479063e-05,0.00010923187,0.00015777937,0.00037624312,0.0011469347,0.031058263,0.04659953,0.049767256,0.052243177,0.067220084,0.08742191,0.12894823,0.15154102,0.15770656,0.23574665,0.27139872,0.29605478,0.31433293,0.30286357,0.23564349,0.25934073,0.2474466,0.23981251,0.2370453,0.20067109,0.2420639,0.22430766,0.18139166,0.12327424,0.07967858,0.049803667,0.04680586,0.034256328,0.019364383,0.00737922,0.0013653984,25,44,1008,756,3,IMG_7866.HEIC,12
0.0,0.0,0.0,0.0,0.0,0.0,5.7458437e-06,5.7458437e-06,7.469597e-05,8.6187654e-05,0.00036198815,0.0007469597,0.002648834,0.008314236,0.07366746,0.069375314,0.034072854,0.047949065,0.08029816,0.11340572,0.15541358,0.17789133,0.3149814,0.29627293,0.27094525,0.2780471,0.32095134,0.25759193,0.29335406,0.28271276,0.27273795,0.26207367,0.17526548,0.17504138,0.13190733,0.09310565,0.061980415,0.044311948,0.028051209,0.024029119,0.016829576,0.009905835,0.0033555727,0.0008388932,25,44,1008,756,3,IMG_7868.HEIC,12
0.0,0.0,0.0,0.0,6.147469e-06,2.4589875e-05,3.6884812e-05,7.9917096e-05,9.221203e-05,0.00016598166,0.00024589876,0.00044261775,0.005348298,0.033263955,0.044753574,0.0556223,0.05401166,0.07518354,0.09858696,0.1271358,0.14176679,0.14857818,0.23325956,0.25918344,0.2651096,0.26941898,0.25748673,0.19269241,0.23266326,0.253663,0.27432466,0.27627954,0.22860593,0.28025082,0.2691731,0.20682544,0.13027716,0.08876945,0.057534162,0.053833384,0.04007535,0.020981312,0.007315488,0.0015983419,25,44,1008,756,3,IMG_7870.HEIC,12
0.0,0.0,0.0,0.0,0.0,2.4923704e-05,3.7385555e-05,8.723296e-05,0.00019938963,0.00042370296,0.00028662258,0.0022555953,0.006492625,0.020948373,0.070097916,0.09700306,0.08134474,0.1343263,0.16618502,0.18742625,0.21955913,0.20365782,0.24666366,0.23911178,0.23142906,0.23196492,0.2293043,0.2012963,0.25848374,0.2799555,0.28872243,0.29206842,0.22942892,0.23993427,0.18558812,0.12867485,0.08340094,0.058695324,0.03984677,0.03821427,0.02610758,0.018175611,0.009682859,0.0011589522,25,44,1008,756,3,IMG_7871.HEIC,12
0.0,0.0,0.0,0.0,1.8893112e-05,5.667934e-05,0.00010076327,0.00023301506,0.00035896915,0.00056049565,0.00053530483,0.001278434,0.007286444,0.024309138,0.080144584,0.09581957,0.085264616,0.13079073,0.16036475,0.16913114,0.20606089,0.2073897,0.27087057,0.2608887,0.25333145,0.24932611,0.24019444,0.19990802,0.24646066,0.25370932,0.2619908,0.276803,0.22263645,0.24160512,0.19077635,0.1371577,0.09783483,0.069173984,0.04630702,0.050740603,0.03493966,0.01703529,0.0064677424,0.0012910294,25,44,1008,756,3,IMG_7874.HEIC,12
0.0,0.0,0.0,0.0,0.0,5.6826434e-06,2.2730574e-05,9.660494e-05,0.00021594045,0.00038641976,0.0004432462,0.00061940815,0.010206028,0.032828633,0.052337147,0.050268665,0.04086957,0.05221781,0.0869274,0.11332327,0.16625142,0.18816938,0.2647657,0.24635395,0.24505831,0.24947941,0.2751479,0.23929043,0.2970147,0.34398177,0.36566675,0.29186624,0.18638502,0.18120813,0.12293263,0.08175619,0.051337,0.036255267,0.021917956,0.01661605,0.010467429,0.005017774,0.0020343864,0.0007046478,25,44,1008,756,3,IMG_7875.HEIC,12
0.0,0.0,0.0,1.8642024e-05,4.3498054e-05,9.942413e-05,0.00027963036,0.0004722646,0.00054061867,0.00048469263,0.0003169144,0.0019014864,0.00920916,0.033251155,0.06648988,0.069696315,0.07648823,0.131128,0.15786687,0.1651559,0.20315456,0.20679598,0.26659337,0.25722885,0.24795756,0.23705198,0.23901561,0.20625535,0.25061715,0.25705487,0.2855896,0.30065855,0.2282405,0.23388904,0.17928655,0.13240187,0.09984668,0.068391375,0.039980926,0.034612026,0.025129449,0.015497736,0.0055428953,0.0011371635,25,44,1008,756,3,IMG_7878.HEIC,12
0.0,0.0,0.0,0.0,0.0,0.0,2.7116303e-05,0.00010304195,0.00019523737,0.0004501306,0.00040132127,0.00047182367,0.0023428486,0.013851007,0.065892614,0.053370308,0.036422618,0.056076515,0.07836069,0.10668096,0.14740422,0.1640699,0.24647093,0.2403806,0.23030418,0.23906274,0.2931218,0.29492232,0.3696603,0.3956648,0.3432707,0.24181776,0.14882511,0.1280486,0.0845649,0.054031946,0.035798945,0.023829807,0.014241482,0.010998372,0.0061282846,0.0033624214,0.0016486712,0.0005097865,25,44,1008,756,3,IMG_7879.HEIC,12
0.0,0.0,0.0,0.0,5.765819e-06,5.765819e-06,2.8829094e-05,8.6487285e-05,0.00025369602,0.0004900946,0.00046703135,0.0006573034,0.0035459786,0.018352602,0.07402735,0.06817504,0.04885955,0.06436384,0.082808696,0.107077025,0.15500827,0.18618406,0.2656313,0.24985023,0.23567785,0.23234521,0.2465003,0.23313512,0.31479642,0.31382775,0.32372767,0.34596643,0.22404243,0.2115825,0.13554287,0.08058309,0.055749703,0.044108514,0.0269725,0.021598758,0.0122120045,0.006342401,0.00267534,0.0005650503,25,44,1008,756,3,IMG_7882.HEIC,12
0.0,0.0,0.0,0.0,0.0,0.0,0.0,5.913883e-06,5.3224947e-05,0.000106449894,0.00021881367,0.0037730574,0.017475523,0.035057496,0.057684015,0.07738316,0.06502314,0.079665914,0.11320946,0.16249576,0.1898593,0.17619231,0.24212028,0.23419568,0.27082035,0.30408004,0.2756461,0.20781976,0.2439181,0.24434981,0.31183904,0.34230146,0.24278855,0.21249172,0.14212243,0.10142901,0.05679693,0.0379967,0.022732966,0.016712634,0.010053601,0.005091853,0.002424692,0.0007274076,25,44,1008,756,3,IMG_7884.HEIC,12
0.0,0.0,0.0,0.0,6.227262e-06,1.2454524e-05,1.8681785e-05,8.095441e-05,8.095441e-05,0.00023663595,0.00023663595,0.0021234963,0.008680804,0.034106713,0.05625086,0.060859032,0.06975156,0.103123456,0.12720428,0.16411327,0.2275317,0.22608697,0.28604928,0.28181475,0.2645777,0.24515486,0.22485398,0.18083346,0.2167523,0.23003505,0.2563826,0.27101043,0.21901903,0.24901575,0.22071907,0.17137425,0.1289915,0.081838675,0.051599093,0.043242108,0.025276456,0.0106673,0.004340402,0.0014198157,25,44,1008,756,3,IMG_7886.HEIC,12
0.0,0.0,0.0,0.0,0.0,5.729813e-06,0.0,2.8649065e-05,5.729813e-05,0.00012605588,0.00020054345,0.0014611023,0.0085718,0.027932838,0.06247788,0.06417391,0.039054405,0.051425073,0.08719629,0.13703421,0.21600822,0.224941,0.2932289,0.28814083,0.27776986,0.2944952,0.28865078,0.24358007,0.300437,0.30680856,0.28268033,0.23588493,0.15281984,0.14273538,0.11210952,0.081913404,0.05201524,0.034791425,0.021458149,0.01713787,0.010800698,0.0054032137,0.0021314905,0.000704767,25,44,1008,756,3,IMG_7887.HEIC,12
0.0,0.0,0.0,0.0,0.0,0.0,5.670461e-06,1.7011384e-05,6.8045534e-05,0.00014743199,0.0002778526,0.0006294212,0.0036801293,0.007961327,0.043486767,0.07863229,0.06248281,0.04873194,0.074946485,0.11770743,0.19861925,0.19986674,0.2820374,0.26571214,0.26388624,0.2823606,0.30739003,0.2666421,0.3176422,0.3154931,0.31122327,0.23306163,0.15224054,0.15192866,0.10963837,0.08268099,0.053325016,0.034714565,0.021088446,0.016421655,0.00935059,0.004808551,0.0016727861,0.0005840575,25,44,1008,756,3,IMG_7890.HEIC,12
0.0,0.0,0.0,6.2569497e-06,2.5027799e-05,2.5027799e-05,3.75417e-05,8.75973e-05,0.00015642375,0.00026904885,0.00028781968,0.0034475792,0.011544072,0.02570355,0.0490232,0.07269324,0.07203626,0.10246381,0.14794558,0.1941907,0.22583835,0.20265634,0.26172194,0.26486292,0.25161698,0.24501589,0.23510489,0.19772586,0.2448845,0.25926924,0.25849962,0.25299975,0.21283014,0.24892023,0.21980038,0.16818681,0.1206903,0.08041432,0.046639305,0.041070618,0.027030023,0.015848855,0.0053684628,0.0011575357,25,44,1008,756,3,IMG_7893.HEIC,12
0.0,0.0,0.0,0.0,0.0,0.0,5.7633733e-06,1.729012e-05,8.64506e-05,0.00016713783,0.00047836,0.006593299,0.021687575,0.035029784,0.048124168,0.05517277,0.037951812,0.058544345,0.10112991,0.15010706,0.20424242,0.19702668,0.28914845,0.26162833,0.26599696,0.25447023,0.2619453,0.25171533,0.3251119,0.3028941,0.27787527,0.3000758,0.19859432,0.16928756,0.11644896,0.07214014,0.042210948,0.03190027,0.020396579,0.01669073,0.01059308,0.004708676,0.0012737055,0.0004956501,25,44,1008,756,3,IMG_7896.HEIC,12
0.0,0.0,0.0,0.0,0.0,0.0,0.0,0.0,0.0,5.8446817e-06,0.0006136916,0.00697855,0.019082885,0.0314327,0.04234472,0.045383953,0.050644167,0.0653903,0.08617983,0.12992728,0.16615261,0.14533386,0.2133192,0.23043242,0.2499069,0.26828843,0.28458923,0.26174822,0.28589845,0.2639283,0.29501614,0.2902878,0.24488632,0.2739227,0.22794259,0.12790501,0.06570007,0.037908606,0.01569297,0.014459742,0.009690482,0.0028697387,6.42915e-05,0.0,25,44,1008,756,3,IMG_7897.HEIC,12
0.0,0.0,0.0,0.0,0.0,1.1756918e-05,5.878459e-06,2.3513836e-05,6.466305e-05,0.00011756918,0.00022338144,0.0025042235,0.018558295,0.03353073,0.05618631,0.06023069,0.075250156,0.08512009,0.14996536,0.19340718,0.22302873,0.18189716,0.23837739,0.25754705,0.26556528,0.2819544,0.27090877,0.21754414,0.2597985,0.30175304,0.3450773,0.29055458,0.16155769,0.16058186,0.12746851,0.08770073,0.050401907,0.033824652,0.01892276,0.01339113,0.008864716,0.00576089,0.0014284655,0.0005584536,25,44,1008,756,3,IMG_7901.HEIC,12
0.0,0.0,0.0,0.0,0.0,0.0,0.0,1.1719855e-05,0.00013477834,0.00016407797,0.00030471623,0.004629343,0.020152291,0.038769282,0.05990018,0.08301173,0.081353374,0.11918507,0.1418747,0.18891235,0.2061288,0.17402227,0.22571854,0.25381103,0.26116526,0.28333336,0.29679948,0.23082255,0.29339486,0.33597896,0.34466335,0.2348659,0.13771416,0.13946627,0.111403085,0.07666543,0.043955315,0.027975295,0.016226139,0.014456442,0.01048927,0.00568999,0.0018868967,0.0005098137,25,44,1008,756,3,IMG_7902.HEIC,12
0.0,0.0,0.0,0.0,0.0,0.0,1.1482825e-05,4.0189887e-05,8.0379774e-05,0.00017224238,0.00025262215,0.0030372073,0.012705746,0.0366704,0.057092607,0.057207435,0.061507754,0.07567756,0.11798029,0.16503116,0.1969764,0.17483176,0.23923892,0.24756971,0.2570488,0.28085268,0.29769224,0.2818402,0.3508922,0.31919384,0.2907566,0.25802484,0.1552076,0.14701462,0.10481523,0.066542976,0.040540114,0.028242009,0.019118905,0.015008053,0.009513521,0.0043347664,0.0020209772,0.00048802007,25,44,1008,756,3,IMG_7905.HEIC,12
0.0,0.0,0.0,0.0,0.0,0.0,0.0,7.139463e-05,4.164687e-05,0.00016063791,0.00023203254,0.0005949552,0.003974301,0.025618773,0.06628991,0.06777135,0.07022852,0.08311525,0.11643274,0.17087114,0.21018578,0.19185522,0.23609608,0.2451394,0.2532308,0.26913396,0.27106756,0.2338769,0.30238006,0.30352235,0.30609852,0.29492527,0.18846397,0.18423979,0.14712054,0.102719024,0.067390576,0.04654335,0.028885076,0.023351993,0.012833185,0.0060149976,0.0023619724,0.0010054744,25,44,1008,756,3,IMG_7906.HEIC,12
0.0,0.0,0.0,6.0528664e-06,6.0528664e-06,3.0264331e-05,5.4475797e-05,0.00013921593,0.00023000893,0.00039343632,0.00070213253,0.0041098963,0.010380666,0.04775106,0.04638917,0.070249565,0.080478914,0.11373336,0.1417884,0.16423242,0.15596421,0.13738796,0.18205811,0.19265668,0.19286248,0.2097984,0.23549283,0.2195193,0.28035668,0.3105847,0.34910512,0.35733703,0.25861478,0.2504192,0.18953946,0.13502735,0.097735636,0.0681008,0.038792823,0.031184368,0.022559034,0.011215962,0.0046304427,0.0009563529,25,44,1008,756,3,IMG_7910.HEIC,13
0.0,0.0,0.0,0.0,3.050619e-05,2.4404952e-05,0.00012202476,0.00023184704,0.00036607427,0.0005979213,0.0014948032,0.00458203,0.028565995,0.048718385,0.050792806,0.08470348,0.09751608,0.12191494,0.14225647,0.1577536,0.16081032,0.14915086,0.20923585,0.2292235,0.2277653,0.23595317,0.23981525,0.21910766,0.2849156,0.29461658,0.31715456,0.33788654,0.25897315,0.24373835,0.16403788,0.1118845,0.07872427,0.054813523,0.032110814,0.026454968,0.018785711,0.010219573,0.00374616,0.00064062997,25,44,1008,756,3,IMG_7911.HEIC,13
0.0,0.0,0.0,0.0,1.8497496e-05,3.082916e-05,4.9326656e-05,0.000110984976,0.00026513077,0.00037611576,0.0006350807,0.0024663329,0.008490351,0.041107602,0.04745841,0.0692238,0.08007566,0.12975377,0.1659472,0.19687502,0.19870627,0.16776612,0.21021788,0.22496654,0.23556562,0.23999268,0.25434673,0.22468291,0.27444735,0.27922586,0.2864214,0.30389535,0.24568374,0.24371068,0.18118913,0.12740459,0.087320514,0.060640957,0.03713064,0.033233836,0.02248679,0.012017206,0.004069449,0.0006535782,25,44,1008,756,3,IMG_7914.HEIC,13
0.0,0.0,0.0,1.22937745e-05,2.4587549e-05,0.0,1.8440662e-05,4.302821e-05,6.1468876e-05,0.00017825972,0.00026431616,0.0024833425,0.0053170575,0.016258517,0.053029194,0.07414375,0.093955174,0.140315,0.1650009,0.2386529,0.26032683,0.22460726,0.31552586,0.25348532,0.22301522,0.20815204,0.21270074,0.1968049,0.24846947,0.2522744,0.26499847,0.29551774,0.20502327,0.19140792,0.16745965,0.12701927,0.08297683,0.06275357,0.03993018,0.031994548,0.017770652,0.008992896,0.0028214213,0.000436429,25,44,1008,756,3,IMG_7915.HEIC,13
0.0,0.0,0.0,0.0,0.0,6.098593e-06,2.4394372e-05,3.0492965e-05,0.00012807046,0.00020735216,0.00030492965,0.0009574791,0.0053606634,0.029437909,0.034359474,0.049782816,0.06780416,0.119690984,0.160765,0.21778686,0.24213853,0.20024121,0.24694423,0.2445048,0.24955443,0.27143008,0.26378855,0.21779296,0.2596659,0.2618492,0.2618126,0.27455255,0.21521325,0.21795762,0.1698763,0.124630846,0.082892075,0.057284083,0.032627475,0.029816022,0.020247329,0.010776214,0.0046227337,0.000554972,25,44,1008,756,3,IMG_7918.HEIC,13
0.0,0.0,0.0,1.8587405e-05,1.8587405e-05,3.097901e-05,6.1958017e-06,9.293703e-05,0.00031598588,0.000687734,0.00093556603,0.013314778,0.017881084,0.040402822,0.04365562,0.06299891,0.07621456,0.1350375,0.18952338,0.19987656,0.20060767,0.17387278,0.22954206,0.22912695,0.2430613,0.26093,0.24974658,0.20803024,0.2375966,0.24062635,0.25404647,0.27940586,0.2414256,0.2812646,0.2263822,0.15706357,0.09180319,0.05596048,0.029931918,0.024107864,0.014857532,0.008085521,0.0025836492,0.00042751033,25,44,1008,756,3,IMG_7929.HEIC,13
0.0,0.0,0.0,0.0,5.9281465e-06,0.0,5.9281465e-06,2.9640732e-05,0.00033197622,0.00078251533,0.00083586865,0.0038770079,0.020819651,0.03697978,0.054616015,0.060520448,0.08018411,0.14484833,0.20970225,0.19323386,0.21729028,0.19139022,0.30683494,0.2712957,0.24668796,0.24260347,0.26125342,0.24924892,0.30475417,0.27128977,0.27555802,0.2653794,0.15803254,0.1493715,0.10930909,0.076929554,0.043868285,0.026421748,0.01647432,0.012911503,0.007860722,0.0043512597,0.0014405396,0.00020155698,25,44,1008,756,3,IMG_7932.HEIC,13
0.0,0.0,0.0,0.0,0.0,0.0,5.8474952e-06,5.2627456e-05,0.00022220482,0.00071339443,0.0008478868,0.0035611247,0.0142503455,0.03830694,0.056878585,0.06311786,0.07456726,0.13034067,0.17014457,0.21527554,0.2167374,0.20120646,0.26712528,0.24005722,0.22916333,0.22903469,0.247811,0.24668828,0.33381012,0.31008098,0.3010817,0.28790727,0.17088135,0.151877,0.09941912,0.064766854,0.036032267,0.022676587,0.012665675,0.009648367,0.0059469026,0.0025085756,0.00053212204,0.0001286449,25,44,1008,756,3,IMG_7934.HEIC,13
0.0,0.0,0.0,0.0,0.0,0.0,6.045478e-06,5.44093e-05,0.0001934553,0.0006891845,0.001088186,0.0075024385,0.020729944,0.052432433,0.07438961,0.12023851,0.14159115,0.17298532,0.16783457,0.18050589,0.20004487,0.19317116,0.28287396,0.27456748,0.25586277,0.25919384,0.25606227,0.19765691,0.24661319,0.29569644,0.31327668,0.27671966,0.17414604,0.14995809,0.10733142,0.077992715,0.040021066,0.024121458,0.013946918,0.012895005,0.008711534,0.0042439257,0.0013541871,0.00024181913,25,44,1008,756,3,IMG_7935.HEIC,13
0.0,0.0,0.0,0.0,6.288513e-06,1.2577026e-05,0.00027669457,0.00050936954,0.0010753357,0.0022512877,0.0063262437,0.02778265,0.048138566,0.05606209,0.08580047,0.15085514,0.20140849,0.19042875,0.14900002,0.18216564,0.22673862,0.19778001,0.2671549,0.25810573,0.24687444,0.24237186,0.27250642,0.25145248,0.2795118,0.24637765,0.22305354,0.23359309,0.19278064,0.19255427,0.12813474,0.086127475,0.04639036,0.035674732,0.02270782,0.017922262,0.012199715,0.0069928262,0.0025782902,0.00046534996,25,44,1008,756,3,IMG_7938.HEIC,13
0.0,0.0,0.0,0.0,1.1803109e-05,1.1803109e-05,1.1803109e-05,0.00037179794,0.00080851297,0.0014458809,0.0015521089,0.0167014,0.030280877,0.048746843,0.057262786,0.07421795,0.09202884,0.20023975,0.20588754,0.18044594,0.21490511,0.22891541,0.3010737,0.29628167,0.26680928,0.25979233,0.25974512,0.23170094,0.2945584,0.27055678,0.2513177,0.24263652,0.1397016,0.12285266,0.08289914,0.050859597,0.025937334,0.016754514,0.010959187,0.009619534,0.005683197,0.0025553731,0.00087933167,0.0002478653,25,44,1008,756,3,IMG_7939.HEIC,13
0.0,0.0,0.0,0.0,0.0,1.2016293e-05,3.0040734e-05,0.00010814664,0.00041456212,0.000859165,0.0010514257,0.0049807536,0.022891039,0.0441779,0.06574715,0.095805906,0.23417953,0.21086793,0.16107841,0.18469043,0.18395743,0.18485264,0.28225672,0.2937323,0.26419023,0.2579057,0.2635834,0.22659725,0.25995448,0.27384531,0.25181344,0.25427678,0.16565661,0.14343849,0.094472095,0.065218434,0.033255093,0.018162627,0.009883401,0.009348676,0.008026884,0.0046262727,0.0022290223,0.00031843176,25,44,1008,756,3,IMG_7942.HEIC,13
0.0,0.0,0.0,0.0,0.0,6.205491e-06,3.1027455e-05,0.00031648003,0.00057090516,0.00076327537,0.0022712096,0.024431018,0.03628971,0.06042907,0.10963241,0.1821622,0.19999057,0.1465675,0.11806567,0.158451,0.25345087,0.23919065,0.29981208,0.26740703,0.23930855,0.23601344,0.23410214,0.20213147,0.26290804,0.26403123,0.2528055,0.25361842,0.1853456,0.1729036,0.1244263,0.08456223,0.044772618,0.027434476,0.015861236,0.012839161,0.00878077,0.0049457764,0.0019299077,0.00032268552,25,44,1008,756,3,IMG_7944.HEIC,13
0.0,0.0,0.0,0.0,0.0,0.0,1.2252774e-05,3.675832e-05,0.0003675832,0.00070453447,0.0009679691,0.0060896287,0.020995127,0.045757983,0.0997192,0.1512421,0.19667539,0.19108813,0.18721625,0.14638388,0.19734317,0.2163656,0.29418296,0.2659526,0.23904549,0.2309709,0.24347486,0.21120718,0.24720584,0.27890375,0.26885036,0.25659147,0.20843193,0.18404278,0.118729375,0.07168485,0.036482632,0.019010179,0.010806946,0.009018041,0.006346937,0.0045090206,0.0017337675,0.0004533526,25,44,1008,756,3,IMG_7947.HEIC,13
0.0,0.0,0.0,0.0,0.0,0.0,3.7303187e-05,0.00021760192,0.00036681467,0.0006092854,0.001666209,0.0075787636,0.02018724,0.038273066,0.07656479,0.16979788,0.23800054,0.21691181,0.19791827,0.15017019,0.22066078,0.2048753,0.3117303,0.27412245,0.21055162,0.20443389,0.21260329,0.185602,0.23201337,0.26226005,0.25967368,0.24722065,0.20534782,0.20423494,0.1397253,0.097467005,0.057851024,0.03234186,0.018067176,0.0146228485,0.010364069,0.008766249,0.0043520383,0.00061550253,25,44,1008,756,3,IMG_7948.HEIC,13
0.0,6.446103e-06,6.446103e-06,3.2230513e-05,1.933831e-05,3.867662e-05,7.090713e-05,0.00033519734,0.0004641194,0.004557395,0.013543262,0.021987656,0.040217236,0.042054374,0.05471452,0.10638648,0.1794595,0.24618956,0.22121735,0.21479703,0.19320904,0.2162861,0.30577734,0.2936071,0.28684512,0.26715228,0.24021402,0.18941873,0.20513433,0.18764605,0.17486343,0.17798334,0.1483635,0.17837656,0.17701642,0.16850758,0.1323965,0.08304514,0.05058257,0.040861845,0.025713503,0.014078288,0.007477479,0.0015857413,25,44,1008,756,3,IMG_7951.HEIC,13
0.0,0.0,6.599513e-06,2.6398053e-05,3.2997566e-05,6.599513e-05,4.6196594e-05,0.00022438345,0.0012671065,0.008302188,0.01641299,0.02808093,0.042679053,0.051951367,0.084025,0.22567695,0.22344632,0.21677421,0.15673845,0.16449946,0.22748522,0.20537025,0.27818927,0.27186695,0.22988744,0.20048001,0.19700207,0.16830738,0.20285584,0.20304722,0.21460298,0.22180304,0.178992,0.21092704,0.22581555,0.21125042,0.14361861,0.08698159,0.046968736,0.038145185,0.023256684,0.013779784,0.0067579015,0.0014980895,25,44,1008,756,3,IMG_7952.HEIC,13
0.0,6.545901e-06,0.0,1.9637704e-05,3.927541e-05,4.5821307e-05,0.00013091802,0.00027492785,0.001263359,0.007848536,0.011959362,0.023499785,0.038529176,0.053957865,0.08747943,0.20503072,0.21526197,0.20797637,0.18492171,0.16693357,0.21923533,0.20759016,0.27043736,0.26084107,0.23668669,0.22383055,0.21539943,0.17536469,0.20954084,0.21290544,0.22815739,0.2259187,0.18884926,0.22945347,0.21347493,0.17573781,0.115941,0.06674201,0.036421396,0.031845808,0.019447872,0.012044459,0.006015683,0.0012306294,25,44,1008,756,3,IMG_7955.HEIC,13
0.0,2.5647589e-05,1.9235691e-05,6.411897e-06,3.8471382e-05,3.2059485e-05,3.2059485e-05,0.00017312123,0.00039112574,0.0022185163,0.005366758,0.018511146,0.030680928,0.037426244,0.058399558,0.106219485,0.21058594,0.293075,0.22183241,0.18154004,0.21821609,0.21350335,0.2611758,0.26827377,0.25332123,0.22923815,0.22015248,0.18169393,0.21263775,0.20816225,0.21172726,0.21825457,0.17307635,0.20448181,0.1999999,0.16408686,0.107258216,0.06673503,0.03748395,0.030693753,0.020101298,0.01209925,0.005988712,0.0012374962,25,44,1008,756,3,IMG_7956.HEIC,13
0.0,0.0,1.9800496e-05,1.3200331e-05,1.3200331e-05,6.6001653e-06,5.940149e-05,0.00036960925,0.0016698418,0.013101328,0.016546614,0.029251933,0.041204832,0.05353394,0.080442816,0.1993184,0.20990506,0.20073743,0.1874315,0.18899573,0.23088038,0.21447237,0.27687693,0.27345145,0.23723634,0.2313556,0.22098674,0.18083793,0.21006346,0.20793161,0.20517273,0.20099483,0.16898403,0.21673623,0.2191189,0.17948489,0.122347265,0.07223221,0.046438765,0.041686643,0.025661442,0.015351985,0.007108378,0.0016104403,25,44,1008,756,3,IMG_7959.HEIC,13
0.0,0.0,6.519869e-06,1.3039738e-05,1.9559608e-05,2.6079477e-05,0.000117357646,0.00012387751,0.0003585928,0.0028687424,0.01243991,0.026542388,0.049264133,0.050652865,0.08657734,0.17020118,0.23385467,0.26200095,0.25291225,0.21491444,0.21540996,0.2132584,0.29487413,0.284175,0.26235953,0.25997978,0.21546212,0.15626171,0.18309097,0.18108284,0.18041782,0.17987667,0.1504851,0.18419935,0.16844082,0.13806476,0.103815876,0.07088402,0.04770588,0.04792104,0.034594428,0.020837503,0.009994959,0.0023667125,25,44,1008,756,3,IMG_7963.HEIC,13
0.0,0.0,0.0,0.0,0.0,1.3087968e-05,2.6175936e-05,0.0001243357,0.0023820102,0.013382447,0.014527644,0.03160744,0.044767395,0.059229597,0.11790296,0.23513189,0.2063449,0.2335875,0.20880544,0.20907375,0.2494894,0.22172326,0.2863582,0.28209805,0.25771517,0.22100343,0.20182301,0.16012475,0.19605777,0.18553503,0.18876776,0.2208791,0.19182381,0.19959152,0.15092391,0.114951625,0.08097526,0.059831645,0.043504406,0.041632827,0.028420523,0.016909655,0.00814726,0.001635996,25,44,1008,756,3,IMG_7964.HEIC,13
0.0,0.0,0.0,0.0,6.6712114e-06,6.6712114e-06,6.0040904e-05,0.00024683482,0.0023882936,0.017865503,0.016931534,0.04289589,0.06587821,0.09321017,0.16204372,0.20428583,0.1743788,0.19794151,0.18130352,0.2296898,0.26556757,0.22618075,0.2915186,0.26023728,0.23073052,0.20586692,0.19296479,0.15466537,0.18105668,0.19313157,0.19494614,0.20552,0.19118358,0.24142447,0.20870885,0.15149654,0.10032835,0.06473076,0.040007256,0.037185334,0.028866332,0.017805463,0.009199601,0.0013275711,25,44,1008,756,3,IMG_7967.HEIC,13
0.0,0.0,0.0,0.0,6.6712114e-06,6.6712114e-06,6.0040904e-05,0.00024683482,0.0023882936,0.017865503,0.016931534,0.04289589,0.06587821,0.09321017,0.16204372,0.20428583,0.1743788,0.19794151,0.18130352,0.2296898,0.26556757,0.22618075,0.2915186,0.26023728,0.23073052,0.20586692,0.19296479,0.15466537,0.18105668,0.19313157,0.19494614,0.20552,0.19118358,0.24142447,0.20870885,0.15149654,0.10032835,0.06473076,0.040007256,0.037185334,0.028866332,0.017805463,0.009199601,0.0013275711,25,44,1008,756,3,IMG_7968.HEIC,13
0.0,0.0,0.0,6.727059e-06,1.3454118e-05,4.0362353e-05,0.00010763294,0.00023544706,0.0019104847,0.012983223,0.025031386,0.04874427,0.12940843,0.15258987,0.18389761,0.21122965,0.17456046,0.1693268,0.19113593,0.24966806,0.26154804,0.22409852,0.2756547,0.2514642,0.21888505,0.20064126,0.19710955,0.16578165,0.19164719,0.19354421,0.19104175,0.2060229,0.18470486,0.22798675,0.19443218,0.13312177,0.08279664,0.05528297,0.03497398,0.033561297,0.025697365,0.01605749,0.008247375,0.001150327,25,44,1008,756,3,IMG_7969.HEIC,13
0.0,0.0,0.0,5.1861825e-06,2.5930913e-05,3.1117095e-05,5.7048008e-05,6.742038e-05,0.00016077165,9.8537465e-05,8.816511e-05,0.0002074473,0.0007727412,0.003350274,0.0071465597,0.029374538,0.0563375,0.0637693,0.08713305,0.17060466,0.2947152,0.3636966,0.4309666,0.4117103,0.27909443,0.2274504,0.22023642,0.17990349,0.2062078,0.18787464,0.15225595,0.12415203,0.10356288,0.1547505,0.12819207,0.051903315,0.0062389774,0.0017062541,0.0012498699,0.0012498699,0.00094907143,0.0009127681,0.0014573173,0.0024530643,25,44,1008,756,3,IMG_7972.HEIC,14
0.0,0.0,0.0,0.0,1.0846769e-05,2.1693539e-05,1.0846769e-05,3.254031e-05,0.00016270154,0.00026574585,0.0003199797,0.00045556432,0.001100947,0.0030099784,0.008238121,0.033277888,0.050535098,0.08121519,0.10634715,0.19159733,0.2886488,0.34232405,0.35129973,0.32198092,0.25943303,0.27398938,0.27434734,0.24619454,0.28319287,0.2176567,0.16990922,0.1190216,0.08399196,0.1283932,0.18059328,0.09444282,0.009984451,0.0015348179,0.0010304431,0.0009599391,0.000846048,0.0009599391,0.001719213,0.0038234862,25,44,1008,756,3,IMG_7974.HEIC,14
0.0,0.0,0.0,0.0,0.0,0.0,2.8106368e-05,5.6212735e-05,6.745528e-05,9.556165e-05,9.556165e-05,0.00021922967,0.00041035295,0.0010230718,0.0024564965,0.007819192,0.021074153,0.05019235,0.068748176,0.11071098,0.16991423,0.19061176,0.337327,0.28026545,0.22437875,0.24902241,0.24940465,0.20875724,0.26745456,0.262491,0.25185552,0.23743135,0.16610862,0.13805285,0.109502405,0.33276814,0.26868564,0.048359815,0.008735459,0.005615652,0.0040360745,0.003844951,0.003451462,0.0026082709,25,44,1008,756,3,IMG_7976.HEIC,14
0.0,0.0,0.0,0.0,0.0,2.2957443e-05,2.2957443e-05,5.739361e-05,6.887233e-05,0.00018939891,0.00028696805,0.0018538135,0.0052056005,0.02262456,0.047791656,0.05434027,0.07918596,0.12958904,0.18186313,0.3176392,0.41375053,0.33217126,0.32017598,0.27127662,0.1935083,0.17905085,0.17860891,0.15943371,0.19249243,0.1907534,0.18800998,0.16788204,0.122713275,0.1257953,0.11922374,0.24297585,0.10653402,0.015702892,0.002829505,0.002003037,0.0014979732,0.0018308561,0.0028582017,0.0018480741,25,44,1008,756,3,IMG_7977.HEIC,14
0.0,0.0,0.0,8.337005e-05,5.0022027e-05,2.7790014e-05,2.7790014e-05,0.00013895008,0.0030513436,0.008631579,0.007481072,0.018519266,0.02273779,0.041123666,0.066040196,0.09099007,0.100544274,0.14036182,0.1408398,0.16115986,0.19581401,0.17350419,0.32691061,0.37277526,0.3226254,0.28489769,0.26461098,0.20540711,0.21293822,0.17976806,0.22930653,0.38128456,0.12660019,0.0640671,0.030874707,0.014150675,0.0106102275,0.009554207,0.007859017,0.007931271,0.007942386,0.0030457857,0.0007725624,0.00040573423,25,44,1008,756,3,IMG_7990.HEIC,14
0.0,0.0,0.0,7.048759e-05,5.4221222e-05,2.7110611e-05,5.4221223e-06,0.00019519641,0.0025538197,0.0074337297,0.00886517,0.016803157,0.021048678,0.03446301,0.051423408,0.07831171,0.088049844,0.12109226,0.11901558,0.15366295,0.18653727,0.18238392,0.31731343,0.39565226,0.32226384,0.28403246,0.28042132,0.22241004,0.22749598,0.2038501,0.25258416,0.33868203,0.12702948,0.051569805,0.019259378,0.0075584385,0.0033400273,0.0021796932,0.0012470881,0.00078078563,0.00069403165,0.00069945375,0.0005367901,0.0003199052,25,44,1008,756,3,IMG_7992.HEIC,14
0.0,0.0,5.4917186e-06,4.393375e-05,6.0408904e-05,2.1966875e-05,3.844203e-05,0.00010434265,0.0042231316,0.010275005,0.010483691,0.021126641,0.03144558,0.03655288,0.056520768,0.08737324,0.09142064,0.11196516,0.11747885,0.15985844,0.20646116,0.19986011,0.3692192,0.3771987,0.3101503,0.27541518,0.2598956,0.20631838,0.21874064,0.19001895,0.3048508,0.305713,0.092134565,0.05195715,0.024075694,0.0140587995,0.0105441,0.007770782,0.0048656627,0.0046185353,0.0060024485,0.0038332196,0.001620057,0.00063154765,25,44,1008,756,3,IMG_7995.HEIC,14
0.0,3.5440495e-05,5.9067494e-05,4.1347244e-05,4.7253994e-05,0.002002388,0.007944577,0.015074024,0.021925854,0.03003582,0.03310733,0.047832854,0.06662813,0.08175532,0.097112864,0.1032677,0.087856986,0.11874929,0.13386466,0.15215196,0.21136712,0.24084179,0.26023364,0.22805959,0.2192231,0.22332238,0.24096584,0.20589747,0.24082997,0.23116654,0.27562073,0.46752512,0.23664209,0.11889105,0.056249972,0.024418501,0.010951113,0.0049085086,0.0013349253,0.00085647864,0.0008269449,0.0005257007,0.0003957522,0.0006792762,25,44,1008,756,3,IMG_7997.HEIC,14
0.0,0.0,0.0,1.5871168e-05,4.7613503e-05,2.1161557e-05,3.1742336e-05,0.00011638856,0.0029837796,0.009115341,0.0090148235,0.02039445,0.02934579,0.040270444,0.060696635,0.08640264,0.09308969,0.10534223,0.10976499,0.1436711,0.1885865,0.19430013,0.3616034,0.35289013,0.2994413,0.29371184,0.29682788,0.22851308,0.2294283,0.23013723,0.39183798,0.16143623,0.049253523,0.027171439,0.009311085,0.0033382357,0.0011744665,0.00060839474,0.0004443927,0.0002433579,0.0002010348,0.00018516362,0.0002909714,0.00026980985,25,44,1008,756,3,IMG_7998.HEIC,14
0.0,0.0,0.0,0.0,1.0521489e-05,5.2607443e-06,1.0521489e-05,0.00010521489,0.0020253866,0.008138372,0.008853832,0.017355196,0.02149014,0.044000864,0.05766302,0.06452829,0.07724877,0.0955772,0.09363072,0.13564304,0.17932299,0.18786117,0.29953626,0.41158485,0.40344122,0.35050234,0.31434,0.22575958,0.21911,0.16738111,0.15785915,0.25740823,0.119518846,0.05938854,0.019554187,0.005123965,0.001562441,0.0008680228,0.0004997707,0.00044190252,0.00033668763,0.00039981658,0.00043664177,0.0004155988,25,44,1008,756,3,IMG_8001.HEIC,14
0.0,0.0,0.0,5.2367704e-06,4.7130932e-05,3.1420623e-05,3.1420623e-05,8.9025096e-05,0.0008116994,0.006268414,0.0073105316,0.01783644,0.022842793,0.04111912,0.06765907,0.08653239,0.085694514,0.10102254,0.10809218,0.16176908,0.19106357,0.17485052,0.27034304,0.32498872,0.39473727,0.3223651,0.26576087,0.20643349,0.2279252,0.26541,0.4053784,0.1477712,0.04503099,0.02154931,0.008179835,0.0040794443,0.0022099172,0.0013458501,0.0013982177,0.001094485,0.0005865183,0.0004398887,0.0004084681,0.00015710312,25,44,1008,756,3,IMG_8003.HEIC,14
0.0,0.0,0.0,0.0,0.0,0.0,9.756809e-05,0.00020977139,0.00038051556,0.0018879425,0.0045174025,0.012030145,0.018542815,0.021938184,0.045549665,0.074951805,0.06522915,0.06668291,0.060345866,0.08289873,0.120984435,0.13121933,0.21237159,0.2667853,0.3636265,0.4092152,0.3950288,0.29681188,0.2735419,0.28764537,0.3246627,0.12678973,0.029821686,0.013566843,0.0037807636,0.0015123053,0.0008585992,0.0007756663,0.00067809824,0.0006244358,0.0006439494,0.000663463,0.00056589494,0.00014147373,25,44,1008,756,3,IMG_8004.HEIC,14
0.0,0.0,4.8206957e-06,4.3386262e-05,5.3027652e-05,2.410348e-05,3.374487e-05,0.00010123461,0.00018318644,0.0006507939,0.0025694307,0.008980956,0.012914644,0.022830814,0.04655828,0.080274224,0.07840379,0.074388154,0.07890515,0.093087636,0.12049811,0.14067754,0.24040328,0.31482518,0.33485517,0.36173537,0.3410353,0.27735874,0.40195924,0.3799335,0.16616456,0.05065587,0.019147804,0.009877605,0.0051726066,0.0032684316,0.0023042925,0.0017740161,0.00074720784,0.0005495593,0.00019764852,0.00017836574,0.0002362141,3.8565566e-05,25,44,1008,756,3,IMG_8007.HEIC,14
0.0,0.0,0.0,0.0,0.0,4.7153935e-06,9.430787e-06,3.7723148e-05,0.00015560798,0.00046682396,0.0026500511,0.0070966673,0.013688788,0.020082861,0.04011385,0.06891548,0.0710044,0.07892626,0.07024993,0.07977503,0.10060292,0.10512498,0.17881715,0.24851538,0.31714323,0.3668812,0.39922407,0.33169964,0.4136909,0.37069595,0.19062921,0.07312632,0.023775015,0.009982488,0.0035506913,0.002121927,0.0014806335,0.0013391718,0.0006271473,0.0003678007,0.00018390035,0.00022633889,0.0002923544,8.016169e-05,25,44,1008,756,3,IMG_8009.HEIC,14
0.0,0.0,0.0,0.0,0.0,4.669845e-06,1.4009535e-05,4.2028605e-05,0.00023349226,0.0004249559,0.0028205866,0.009246293,0.015312422,0.024189798,0.04409735,0.072415285,0.063752726,0.071009666,0.07344265,0.08444014,0.108657956,0.11574211,0.20283473,0.27822003,0.34068856,0.39071193,0.41443008,0.3229011,0.4073366,0.31085292,0.12947613,0.046927273,0.014485859,0.0056458428,0.0027645484,0.001718503,0.0012795376,0.0010974136,0.0004763242,0.0002988701,0.00013542551,0.00014943504,0.0002988701,7.0047674e-05,25,44,1008,756,3,IMG_8011.HEIC,14
0.0,0.0,0.0,0.0,0.0,0.0,4.776649e-06,8.1203034e-05,0.000100309626,0.0004967715,0.0023453345,0.008397349,0.015872804,0.024322696,0.046500675,0.06800515,0.07469246,0.08250706,0.08564532,0.10457517,0.13802604,0.15341163,0.2690543,0.33393553,0.3528988,0.3703718,0.36397588,0.33875993,0.3794331,0.26714364,0.09578136,0.03812721,0.013565683,0.0064293696,0.0025555072,0.0010938526,0.00055886793,0.00037257862,0.00024360909,0.0002818223,9.075633e-05,0.0001671827,0.00010986292,0.000100309626,25,44,1008,756,3,IMG_8013.HEIC,14
0.0,0.0,0.0,0.0,1.38153055e-05,2.302551e-05,1.38153055e-05,3.6840815e-05,0.00016578367,0.0006631347,0.003803814,0.010835805,0.016974404,0.02418139,0.05247974,0.06139982,0.05021403,0.06745553,0.07591971,0.091839544,0.119000435,0.13200064,0.22192447,0.31639352,0.37185276,0.40182278,0.4197136,0.36009595,0.36049196,0.2187101,0.07838804,0.024780054,0.009039815,0.006023473,0.00339396,0.0027078,0.0025604367,0.0016071806,0.001224957,0.00072760606,0.00028551632,0.0003085418,0.00022564999,9.210204e-06,25,44,1008,756,3,IMG_8015.HEIC,14
0.0,0.0,4.655694e-06,5.5868324e-05,3.724555e-05,3.724555e-05,6.9835405e-05,7.44911e-05,0.00016760497,0.0011080551,0.0030913807,0.010805866,0.01646719,0.025769265,0.047958303,0.07065481,0.05748851,0.073038526,0.08247562,0.09785803,0.12422788,0.13390242,0.23603903,0.34111804,0.35208684,0.38402492,0.3773626,0.35713828,0.3932199,0.2433857,0.07221447,0.02502901,0.008007794,0.0045113675,0.0024814848,0.0019693584,0.0014805107,0.00093113875,0.00067507563,0.00033055426,0.00020950622,0.00027003023,8.3802486e-05,0.0,25,44,1008,756,3,IMG_8017.HEIC,14
0.0,0.0,0.0,8.776272e-06,7.459831e-05,2.6328817e-05,3.071695e-05,3.071695e-05,0.00015358476,0.00057045766,0.0031199646,0.009939128,0.015849948,0.022704216,0.047378704,0.05836221,0.044837974,0.060907327,0.06833644,0.083479896,0.10799641,0.117944315,0.20483379,0.31144357,0.37091157,0.42563602,0.47062758,0.39796445,0.29413676,0.15585342,0.04458785,0.012251675,0.0038615596,0.002843512,0.0021063052,0.0021063052,0.0012155137,0.00062750344,0.00037737968,0.00032472206,0.0003159458,0.00018868984,4.388136e-06,0.0,25,44,1008,756,3,IMG_8019.HEIC,14
0.0,0.0,0.0,4.0248044e-05,8.049609e-05,0.00033707736,0.00031695334,0.0004678835,0.0011017902,0.0011168832,0.0011873173,0.001770914,0.0029330761,0.005619633,0.01740728,0.035755355,0.0465368,0.086392425,0.10276332,0.11691554,0.13482088,0.12850194,0.21619236,0.25080568,0.25663158,0.28479517,0.32540542,0.326145,0.40545377,0.3769833,0.28846276,0.23973244,0.10840811,0.04029332,0.017885225,0.007466012,0.0026513399,0.0014388675,0.0005433486,0.0003773254,0.00012074413,1.0062011e-05,0.0,0.0,25,44,1008,756,3,IMG_8020.HEIC,14
0.0,0.0,3.0047362e-05,5.007894e-05,7.011052e-05,1.0015788e-05,2.0031575e-05,0.00012519734,0.0003154973,0.0010766971,0.0009064288,0.0018529207,0.003680802,0.010862121,0.025259817,0.05485146,0.07648556,0.12052999,0.12091059,0.13504286,0.15365219,0.15963162,0.2394875,0.25412056,0.2760401,0.29809988,0.33830827,0.32201257,0.38784134,0.36334273,0.30505085,0.11040403,0.02865016,0.01398204,0.0061046225,0.003169997,0.0020181811,0.0012569814,0.0006209788,0.00026041048,7.011052e-05,5.007894e-05,0.0,0.0,25,44,1008,756,3,IMG_8023.HEIC,14
0.0,0.0,4.4290882e-05,8.8581764e-05,4.921209e-06,2.9527255e-05,5.905451e-05,0.00014271506,0.00029035134,0.0011121932,0.0011909326,0.0022735985,0.0044881427,0.01098906,0.027214285,0.05795216,0.08364579,0.118852116,0.1063867,0.13219352,0.14617959,0.15658303,0.23761073,0.24269435,0.2689293,0.3009073,0.33502114,0.32254097,0.40868673,0.40759912,0.25644913,0.07682992,0.020565731,0.012544162,0.0056839962,0.0022194653,0.0011761689,0.00056101783,0.00029527253,0.00013287264,2.9527255e-05,0.0,0.0,0.0,25,44,1008,756,3,IMG_8025.HEIC,14
0.0,0.0,0.0,0.0,0.0,0.0,4.7857643e-06,0.00010050105,0.00022493092,0.0008949379,0.00086622336,0.0018951626,0.0048288363,0.012261128,0.023713462,0.047278564,0.07338491,0.11382462,0.10180278,0.11399691,0.13594443,0.14471194,0.24498327,0.26579657,0.29125682,0.3253219,0.35506544,0.33586973,0.4495651,0.34175143,0.18453906,0.04955659,0.014055789,0.008178871,0.00341225,0.0012155841,0.00043550454,0.0001483587,7.657223e-05,1.9143057e-05,0.0,0.0,0.0,0.0,25,44,1008,756,3,IMG_8026.HEIC,14
0.0,0.0,0.0,0.0,0.0,0.0,4.83311e-06,4.8331098e-05,0.00031898526,0.00075879827,0.0010342855,0.0017979168,0.004344966,0.01131431,0.02533033,0.05254557,0.07333761,0.11447704,0.10558895,0.11918932,0.15834717,0.16523436,0.25687495,0.2672758,0.28228745,0.3150511,0.35587156,0.3450164,0.44379064,0.32733688,0.1767855,0.050346505,0.014755485,0.0080906255,0.0034170088,0.0015369289,0.00079263,0.00014499329,9.66622e-06,4.83311e-06,0.0,0.0,0.0,0.0,25,44,1008,756,3,IMG_8029.HEIC,14
0.0,0.0,0.0,3.823534e-05,3.823534e-05,3.823534e-05,1.4338252e-05,1.911767e-05,0.00014338252,0.00026764738,0.00052095647,0.0012474279,0.0018352963,0.0064856694,0.015867665,0.036285337,0.05752507,0.100893505,0.09458467,0.101610415,0.13103251,0.15592849,0.23836388,0.25271648,0.26950657,0.28892535,0.3227254,0.3311754,0.44172332,0.40010414,0.26334113,0.09176959,0.020929068,0.009324644,0.0040242695,0.0017253697,0.0008889716,0.00039191224,6.6911845e-05,6.6911845e-05,0.0,0.0,0.0,0.0,25,44,1008,756,3,IMG_8030.HEIC,14
0.0,0.0,0.0,0.0,0.0,0.0,9.685047e-06,1.9370094e-05,0.00010653552,0.00038255937,0.00065374066,0.001636773,0.0023728365,0.0075640217,0.019331355,0.043819997,0.0746814,0.10814324,0.10181406,0.10951851,0.12758596,0.14348398,0.21767628,0.24306078,0.24966115,0.2885805,0.32976133,0.34254074,0.43744454,0.3929175,0.28961197,0.11219159,0.024604863,0.012445286,0.004886106,0.0021694505,0.000924922,0.00045035468,0.00015011823,3.3897664e-05,0.0,0.0,0.0,0.0,25,44,1008,756,3,IMG_8033.HEIC,14
0.0,0.0,0.0,0.0,0.0,0.0,0.0,2.4013752e-05,9.605501e-05,0.00018730728,0.00030737603,0.0011622657,0.0015897104,0.006137915,0.01718424,0.03242337,0.052566104,0.08632464,0.082861856,0.0977888,0.12874733,0.14972094,0.2383413,0.25624114,0.26079416,0.29475442,0.33359906,0.3378927,0.40459332,0.39783102,0.29505217,0.1426417,0.026064526,0.009792808,0.003366728,0.0012343068,0.0004466558,0.00015849076,0.0,0.0,0.0,0.0,0.0,0.0,25,44,1008,756,3,IMG_8035.HEIC,14
0.0,0.0,0.0,0.0,0.0,0.0,0.0,0.0,0.0,0.0,4.1891612e-06,8.3783225e-06,2.0945807e-05,3.351329e-05,0.00010472903,0.00016756645,0.00022202554,0.001038912,0.0011101278,0.0021783637,0.004913886,0.0135016665,0.050575744,0.14567809,0.25397208,0.3463808,0.39761004,0.35443237,0.4307924,0.35645992,0.26855037,0.30551973,0.14799888,0.0848389,0.024452135,0.0015206655,0.00025134967,4.1891612e-06,0.0,0.0,0.0,0.0,0.0,0.0,25,44,1008,756,3,IMG_8039_edited.jpg,15
0.0,0.0,0.0,0.0,0.0,0.0,0.0,0.0,0.0,0.0,0.0,1.2600893e-05,2.9402083e-05,5.040357e-05,0.00015121071,0.00029822113,0.0005880417,0.001058475,0.0020245435,0.0047967397,0.015990533,0.041120913,0.11914984,0.22207393,0.32697636,0.39187095,0.41427955,0.34061894,0.3656485,0.31235933,0.3146821,0.22459412,0.069855146,0.027411142,0.004460716,0.0006594467,6.300447e-05,4.2002976e-06,0.0,0.0,0.0,0.0,0.0,0.0,25,44,1008,756,3,IMG_8040_edited.jpg,15
0.0,0.0,0.0,0.0,0.0,0.0,0.0,0.0,0.0,0.0,0.0,0.0,0.0,0.0,1.7420443e-05,6.968177e-05,0.00012629821,0.000156784,0.00025259642,0.00046164176,0.00077520974,0.00067068706,0.0010931328,0.0024954786,0.0047340053,0.011593305,0.032402024,0.062421802,0.10538497,0.1614309,0.26220816,0.36135662,0.33191606,0.38783568,0.4106216,0.4019506,0.28587818,0.2194279,0.16629119,0.100302555,0.0065326663,0.00039195997,4.355111e-06,0.0,25,44,1008,756,3,IMG_8043_edited.jpg,15
0.0,0.0,0.0,0.0,0.0,0.0,0.0,0.0,0.0,0.0,0.0,4.2967886e-06,1.2890366e-05,8.593577e-06,2.1483942e-05,0.00016757475,0.00021483943,0.0004124917,0.00065311184,0.0012546623,0.0026726024,0.004872558,0.019992957,0.070231006,0.17248169,0.22134046,0.31529835,0.3284766,0.39945954,0.4151643,0.41323075,0.3392873,0.17960577,0.20481932,0.11694999,0.05153568,0.015343832,0.0007562348,6.874862e-05,1.7187154e-05,4.2967886e-06,0.0,0.0,0.0,25,44,1008,756,3,IMG_8045_edited.jpg,15
0.0,0.0,0.0,0.0,0.0,0.0,0.0,0.0,0.0,0.0,0.0,0.0,0.0,0.0,2.118526e-05,0.00014405977,0.00016524503,0.0003008307,0.0007414841,0.001055026,0.0016778726,0.0032201596,0.0136729665,0.061335564,0.1447843,0.23762235,0.37034377,0.36936924,0.41962916,0.41221008,0.3732292,0.30255094,0.16751185,0.11510376,0.15119496,0.05897553,0.023024142,0.00089825504,2.5422312e-05,2.9659364e-05,0.0,0.0,0.0,0.0,25,44,1008,756,3,IMG_8047_edited.jpg,15
0.0,0.0,0.0,0.0,0.0,0.0,0.0,0.0,8.048028e-06,0.0,0.0,8.048028e-06,0.0,8.048028e-06,8.852831e-05,0.00018510464,0.0002333928,0.0005190978,0.00096576335,0.0022091835,0.0057583638,0.015963262,0.049350504,0.09959032,0.17920141,0.32077426,0.44202182,0.40046987,0.4564157,0.38183466,0.2818701,0.20159101,0.12798376,0.07412233,0.022401685,0.0021126072,0.00077261066,3.219211e-05,0.0,0.0,0.0,0.0,0.0,0.0,25,44,1008,756,3,IMG_8050_edited.jpg,15
0.0,0.0,0.0,0.0,0.0,0.0,0.0,0.0,0.0,0.0,0.0,0.0,0.0,0.0,0.0,0.00011466975,0.00015421104,0.000581257,0.00077500934,0.0013720829,0.0034361382,0.020106748,0.05826409,0.099912934,0.20500578,0.36933148,0.50058484,0.3989914,0.41472885,0.3481255,0.25880566,0.16822447,0.07116642,0.0551087,0.03765517,0.0007552387,2.3724775e-05,1.18623875e-05,0.0,0.0,0.0,0.0,0.0,0.0,25,44,1008,756,3,IMG_8061_edited.jpg,15
0.0,0.0,0.0,0.0,0.0,0.0,0.0,0.0,0.0,0.0,0.0,0.0,0.0,1.5940266e-05,7.970133e-06,0.00013549226,0.00022714879,0.00064558076,0.0010640128,0.0018889215,0.0056468393,0.027512899,0.06722807,0.12281178,0.25037375,0.41537544,0.50868577,0.36287218,0.3927004,0.32208902,0.23314233,0.18516612,0.066291586,0.0485939,0.02428101,5.579093e-05,0.0,0.0,0.0,0.0,0.0,0.0,0.0,0.0,25,44,1008,756,3,IMG_8062_edited.jpg,15
0.0,0.0,0.0,0.0,0.0,0.0,0.0,0.0,8.452298e-06,4.226149e-06,1.2678447e-05,8.452298e-06,1.6904596e-05,2.9583043e-05,0.00010565373,0.00025356893,0.0004986856,0.00097201427,0.0017158166,0.0064533297,0.025631594,0.048596486,0.10099651,0.18172441,0.28886575,0.40468335,0.46920398,0.37555674,0.38215798,0.30594784,0.22093885,0.18887083,0.12171732,0.077837214,0.017183522,0.0005367209,0.0,0.0,0.0,0.0,0.0,0.0,0.0,0.0,25,44,1008,756,3,IMG_8066_edited.jpg,15
0.0,0.0,0.0,0.0,0.0,0.0,0.0,0.0,0.0,0.0,0.0,0.0,0.0,0.0,0.0,0.00015531071,0.0002057867,0.0006794844,0.0009279815,0.0021627017,0.017596705,0.037138674,0.060427517,0.12682284,0.2515257,0.4373938,0.5284486,0.38462698,0.3750288,0.29896924,0.22247095,0.11319821,0.044123776,0.049571298,0.0073811417,0.0,0.0,0.0,0.0,0.0,0.0,0.0,0.0,0.0,25,44,1008,756,3,IMG_8068_edited.jpg,15
0.0,0.0,0.0,0.0,0.0,0.0,0.0,0.0,0.0,0.0,0.0,0.0,0.00016652112,0.00033304223,0.00088540494,0.0017951787,0.0040939823,0.012030135,0.031297844,0.05662124,0.089856416,0.121970624,0.24516375,0.35061628,0.409382,0.46807864,0.41129902,0.3165363,0.3267469,0.1500152,0.05623946,0.03360477,0.006725828,0.0014174602,0.00017464408,0.0,0.0,0.0,0.0,0.0,0.0,0.0,0.0,0.0,25,44,1008,756,3,IMG_8070.HEIC,15
0.0,0.0,0.0,0.0,0.0,0.0,0.0,0.0,0.0,0.0,3.897764e-06,7.405752e-05,0.00020268373,0.0005106071,0.0012667733,0.0035781474,0.008356806,0.019937064,0.04024052,0.06767298,0.10901657,0.14487599,0.27969965,0.4028729,0.45438576,0.43813598,0.414574,0.32831258,0.2015339,0.031423774,0.012075273,0.0076707997,0.0027830035,0.00081853045,0.0002494569,1.1693292e-05,0.0,0.0,0.0,0.0,0.0,0.0,0.0,0.0,25,44,1008,756,3,IMG_8071.HEIC,15
0.0,0.0,0.0,0.0,0.0,0.0,0.0,0.0,0.0,0.0,0.0,8.305664e-05,0.00018687744,0.0004152832,0.001262461,0.0035921996,0.006993369,0.017844718,0.034684453,0.05620858,0.09078091,0.113397226,0.21796554,0.30801556,0.39589778,0.47197765,0.43596846,0.32316923,0.33542007,0.1944439,0.061495136,0.052113887,0.027375469,0.014339728,0.00065614743,0.00036129638,8.305664e-06,0.0,0.0,0.0,0.0,0.0,0.0,0.0,25,44,1008,756,3,IMG_8074.HEIC,15
0.0,0.0,0.0,0.0,0.0,0.0,0.0,0.0,0.0,0.0,0.0,0.0,0.0,0.00013733178,0.00027050197,0.0008864142,0.0019767452,0.007898658,0.027919967,0.07000175,0.14675356,0.23074652,0.40139997,0.37737525,0.42312753,0.4407809,0.36335492,0.23285644,0.19779521,0.111671545,0.044283256,0.02527737,0.03445363,0.031365745,0.0007990212,0.00017478589,8.323138e-06,0.0,0.0,0.0,0.0,0.0,0.0,0.0,25,44,1008,756,3,IMG_8075.HEIC,15
0.0,0.0,0.0,0.0,0.0,0.0,0.0,0.0,0.0,4.696585e-06,4.696585e-06,4.696585e-06,1.878634e-05,7.984195e-05,0.00020664974,0.00092992384,0.0036868195,0.020744817,0.050413147,0.08740345,0.1321572,0.1452466,0.23939903,0.2767275,0.3279062,0.36923143,0.4049208,0.34901264,0.35492563,0.3028687,0.21754113,0.1207539,0.04494632,0.033744965,0.03792962,0.055555906,0.002423438,0.00020195317,3.2876094e-05,0.0,0.0,0.0,0.0,0.0,25,44,1008,756,3,IMG_8078.HEIC,15
0.0,0.0,4.657271e-05,2.5873727e-05,1.5524238e-05,2.0698983e-05,3.1048476e-05,3.1048476e-05,6.209695e-05,0.00012936864,6.727169e-05,9.832017e-05,6.727169e-05,0.00022768881,0.00046055237,0.0013454339,0.0050350274,0.016942117,0.028921653,0.06289386,0.13936625,0.14958638,0.23042625,0.17674343,0.16145724,0.21222667,0.2775216,0.28628245,0.37510177,0.38595322,0.36424518,0.32045648,0.21183339,0.18388459,0.124302566,0.08813109,0.102635905,0.03471737,0.0016041711,0.00040880492,8.797068e-05,1.0349491e-05,0.0,0.0,25,44,1008,756,3,IMG_8080.HEIC,15
0.0,1.2480553e-05,0.000104004605,0.00070723135,0.0009526822,0.00022048976,0.00024129069,0.0002912129,0.00025377123,0.00016224719,0.00019968885,0.00030369346,0.00050754246,0.00080291554,0.001310458,0.0022007376,0.0035486373,0.006593892,0.013566361,0.041585203,0.048133332,0.05935751,0.12880346,0.18813185,0.2514665,0.32399932,0.37682116,0.37343895,0.47238892,0.40623784,0.29332212,0.12207229,0.036052156,0.010350538,0.0021840967,0.001218934,0.0008486776,0.0010442062,0.00054914434,0.00023297031,3.744166e-05,4.1601843e-06,0.0,0.0,25,44,1008,756,3,IMG_8081.HEIC,15
0.0,0.0,0.0,0.0,0.0,0.0,0.0,0.0,0.0,0.0,5.5445642e-05,0.00014074663,0.00056298653,0.0011814187,0.004047532,0.0070074764,0.008786002,0.016079236,0.03201346,0.06409943,0.16498065,0.22474252,0.36747667,0.35417825,0.34555003,0.37298283,0.3972723,0.3334501,0.31006908,0.16693404,0.06837727,0.0053483723,0.0016548391,0.0011856838,0.000686673,0.0004990108,0.0004137098,0.00023457772,9.809614e-05,4.6915546e-05,1.7060198e-05,0.0,0.0,0.0,25,44,1008,756,3,IMG_8084.HEIC,15
0.0,0.0,0.0,0.0,0.0,0.0,0.0,0.0,0.0,0.0,0.0,7.448892e-05,0.0002482964,0.0010635362,0.002044307,0.0037699668,0.0063853557,0.013701823,0.029704524,0.074124746,0.16569231,0.19858332,0.29663557,0.3577744,0.4163434,0.44310975,0.41826355,0.3169048,0.2245303,0.10585289,0.059305593,0.017091068,0.0008897287,0.00053383724,0.0005090076,0.00031450877,7.0350645e-05,4.1382733e-05,0.0,0.0,0.0,0.0,0.0,0.0,25,44,1008,756,3,IMG_8086.HEIC,15
0.0,0.0,0.0,0.0,0.0,0.0,0.0,4.3287214e-06,4.3287214e-06,2.5972327e-05,0.00010388931,0.00022942224,0.00053243275,0.0014025057,0.003683742,0.0076618367,0.009964717,0.018613502,0.03826157,0.06827259,0.17164679,0.21174374,0.3106377,0.3337401,0.33100435,0.3600414,0.3959265,0.38550726,0.35535774,0.17712262,0.092946306,0.017622225,0.002502001,0.0014544504,0.00085708685,0.0007488688,0.00033764026,0.00024673712,0.000116875475,0.00010821803,0.00012986164,7.7916986e-05,4.7615937e-05,8.657443e-06,25,44,1008,756,3,IMG_8087.HEIC,15
0.0,0.0,0.0,0.0,0.0,0.0,8.820686e-06,8.820686e-06,2.2051716e-05,7.938618e-05,0.00014113098,0.00013231029,0.00039693087,0.0010452513,0.0033209883,0.006483204,0.009865938,0.027070686,0.055208676,0.053801775,0.07829241,0.09042967,0.23973744,0.26709038,0.27425718,0.31047934,0.35371393,0.3489375,0.45381108,0.4006091,0.23277791,0.099664934,0.027304433,0.01579785,0.0037973053,0.0020287577,0.0014995167,0.0011643305,0.00059980666,0.00051601016,0.00045426533,0.0002249275,0.00011466892,4.410343e-06,25,44,1008,756,3,IMG_8090.HEIC,15
0.0,0.0,0.0,0.0,0.0,0.0,0.0,0.0,0.0,0.0,8.738274e-06,0.00022719512,0.00046749765,0.0011097608,0.0027263416,0.007659097,0.013858903,0.025048263,0.04263841,0.07548558,0.20525332,0.21939185,0.278799,0.32579783,0.36286122,0.3968924,0.4045515,0.35697597,0.32038882,0.15654181,0.09512048,0.031025242,0.002647697,0.0017607622,0.00084324344,0.00065537053,0.00044565197,0.0002577791,5.2429645e-05,0.0,0.0,0.0,0.0,0.0,25,44,1008,756,3,IMG_8093.HEIC,15
0.0,0.0,0.0,0.0,0.0,4.377677e-06,3.5021418e-05,8.755354e-06,8.755354e-06,1.3133032e-05,4.3776774e-05,0.0002101285,0.00039836863,0.0009061792,0.0018211138,0.0035196524,0.008247544,0.031821337,0.034382276,0.0426736,0.06657571,0.10514305,0.26533976,0.26167566,0.28340644,0.3275772,0.3929009,0.37816563,0.44141433,0.3373482,0.18622202,0.10918365,0.034084596,0.008926084,0.0035065194,0.0031694383,0.002455877,0.0018999119,0.0011513291,0.0010199988,0.0006128748,0.00011381961,1.3133032e-05,0.0,25,44,1008,756,3,IMG_8094.HEIC,15
0.0,0.0,0.0,0.0,0.0,0.0,0.0,4.7553003e-06,0.0,4.7553003e-06,1.9021201e-05,4.7553003e-06,0.00012363782,0.00047553005,0.0016168021,0.0042274618,0.011270062,0.03186527,0.066079654,0.17418665,0.21944284,0.18147653,0.25273946,0.29142383,0.34484488,0.39293048,0.39096653,0.30125302,0.3204359,0.2662873,0.15579315,0.11496414,0.077116705,0.016467605,0.003766198,0.0021351299,0.001141272,0.00057539134,0.00012363782,4.7553003e-06,0.0,0.0,0.0,0.0,25,44,1008,756,3,IMG_8098.HEIC,15
0.0,0.0,0.0,0.0,0.0,0.0,0.0,0.0,0.0,0.0,3.911703e-06,7.8234065e-05,0.00010170428,0.00027381923,0.0009388087,0.001001396,0.0013260674,0.003082422,0.008547071,0.022754377,0.06428884,0.11479675,0.3382919,0.48466,0.46167484,0.45719594,0.34250873,0.21135323,0.1656215,0.10777915,0.05478731,0.05528801,0.0500033,0.0312858,0.003043305,0.00015255641,4.3028733e-05,2.3470218e-05,0.0,0.0,0.0,0.0,0.0,0.0,25,44,1008,756,3,IMG_8100.HEIC,15
0.0,0.0,0.0,0.0,0.0,0.0,0.0,6.0734725e-05,0.0002705456,0.0005521339,0.00050244184,0.00049139914,0.0014962828,0.0041686106,0.008856227,0.023250356,0.036567826,0.081240974,0.16409418,0.21369237,0.29317755,0.27483568,0.36456847,0.29764983,0.2601489,0.2724946,0.27817607,0.22481787,0.24444622,0.21144518,0.18465012,0.14544863,0.093536995,0.13317469,0.2518945,0.12752083,0.008011462,0.0016508802,0.0009827983,0.0011318744,0.0011650025,0.0010490543,0.00030367362,0.0,25,44,1008,756,3,IMG_810 .HEIC,16
0.0,0.0,0.0,0.0,0.0,0.0,0.0,6.0734725e-05,0.0002705456,0.0005521339,0.00050244184,0.00049139914,0.0014962828,0.0041686106,0.008856227,0.023250356,0.036567826,0.081240974,0.16409418,0.21369237,0.29317755,0.27483568,0.36456847,0.29764983,0.2601489,0.2724946,0.27817607,0.22481787,0.24444622,0.21144518,0.18465012,0.14544863,0.093536995,0.13317469,0.2518945,0.12752083,0.008011462,0.0016508802,0.0009827983,0.0011318744,0.0011650025,0.0010490543,0.00030367362,0.0,25,44,1008,756,3,IMG_8108.HEIC,16
0.0,0.0,0.0,0.0,0.0,0.0,0.0,3.9331928e-05,0.00021913504,0.00042703236,0.00049445854,0.00068549934,0.0016294656,0.0044501266,0.0088609215,0.021351619,0.036134806,0.07865824,0.15691754,0.18792233,0.22442237,0.21168444,0.29705158,0.35138583,0.28012198,0.2602088,0.26711437,0.21383646,0.23959887,0.21651103,0.2139095,0.23113689,0.14228606,0.15584996,0.29572552,0.16174413,0.015783342,0.0017699368,0.0007416878,0.00064054853,0.0008372082,0.001174339,0.0004888397,1.685654e-05,25,44,1008,756,3,IMG_8110.HEIC,16
0.0,0.0,0.0,0.0,0.0,0.0,0.0,0.00016061991,0.00033908646,0.0005948885,0.0004818597,0.0007912017,0.0034622513,0.006793627,0.018982893,0.07934028,0.1227374,0.18025717,0.23771745,0.20175049,0.2473011,0.22181608,0.25364262,0.23931175,0.24418984,0.24716428,0.25553435,0.21435618,0.23950806,0.21075116,0.19856189,0.21780653,0.12972139,0.1453848,0.18057841,0.34501156,0.07931649,0.0062344316,0.00069601956,0.0005235019,0.00070196844,0.0008209462,0.0007733551,0.00022010875,25,44,1008,756,3,IMG_8113.HEIC,16
0.0,0.0,0.0,0.0,0.0,0.0,0.0,0.0,0.00012374639,0.00029463426,0.00070122955,0.0021567228,0.0043370165,0.01676469,0.04226823,0.06347011,0.09328121,0.1277711,0.13866077,0.16946773,0.18432319,0.1878647,0.27003232,0.30123407,0.28020898,0.28592488,0.3053177,0.25465828,0.2747936,0.23835322,0.23059845,0.22119373,0.1439642,0.15142433,0.15995695,0.24233668,0.08456593,0.009404725,0.0015379909,0.0007248003,0.00074247835,0.0009133662,0.0009133662,0.00022392205,25,44,1008,756,3,IMG_8119.HEIC,16
0.0,0.0,0.0,0.0,0.0,0.0,0.0,1.702294e-05,2.2697252e-05,0.00016455508,0.00034613308,0.002173262,0.003625886,0.01089468,0.036888707,0.06347854,0.081403695,0.10767008,0.090930864,0.12375677,0.15181623,0.14733353,0.2356145,0.2785974,0.31603086,0.32548994,0.31885666,0.26176172,0.26906458,0.22385164,0.20626128,0.19452679,0.15122612,0.23300432,0.31910065,0.12606053,0.03072073,0.007637625,0.0018781975,0.0011462112,0.0006695689,0.0006185001,0.00066389464,0.0007944038,25,44,1008,756,3,IMG_8126.HEIC,16
0.0,0.0,0.0,0.0,0.0,0.0,0.0,5.8861106e-06,5.2974996e-05,0.0002825333,0.0006062694,0.0022484942,0.0036670468,0.013385016,0.04703591,0.077443555,0.08442448,0.1058617,0.11009381,0.13552181,0.18110386,0.17767814,0.2590595,0.28700086,0.269525,0.25832963,0.27913114,0.232107,0.25559258,0.23597418,0.22908154,0.23194808,0.18527122,0.23929982,0.32518995,0.17558856,0.04426944,0.015156735,0.005050283,0.0039142636,0.0042438856,0.004673572,0.0050973715,0.0005827249,25,44,1008,756,3,IMG_8127.HEIC,16
0.0,0.0,0.0,0.0,0.0,0.0,0.0,5.8861106e-06,5.2974996e-05,0.0002825333,0.0006062694,0.0022484942,0.0036670468,0.013385016,0.04703591,0.077443555,0.08442448,0.1058617,0.11009381,0.13552181,0.18110386,0.17767814,0.2590595,0.28700086,0.269525,0.25832963,0.27913114,0.232107,0.25559258,0.23597418,0.22908154,0.23194808,0.18527122,0.23929982,0.32518995,0.17558856,0.04426944,0.015156735,0.005050283,0.0039142636,0.0042438856,0.004673572,0.0050973715,0.0005827249,25,44,1008,756,3,IMG_81271.HEIC,16
0.0,0.0,0.0,0.0,0.0,0.0,0.0,0.0,5.6231215e-06,8.9969944e-05,0.00027553295,0.0016307052,0.003373873,0.008760823,0.03075285,0.05444306,0.07343797,0.085797586,0.08840672,0.10817199,0.14162956,0.1423437,0.20901142,0.24339119,0.27637643,0.3501068,0.3872925,0.27813646,0.27959847,0.23319647,0.21789034,0.20247737,0.15596852,0.19238947,0.28063312,0.17570567,0.04530549,0.010273443,0.002586636,0.0016138359,0.0012764486,0.0012876948,0.0009165688,0.00053419656,25,44,1008,756,3,IMG_8130.HEIC,16
0.0,0.0,0.0,0.0,0.0,0.0,5.715011e-06,0.00018288035,9.7155185e-05,0.0001543053,0.0006286512,0.0016973582,0.003623317,0.00781242,0.01911671,0.04678308,0.051417954,0.0654083,0.08095884,0.09854965,0.14372681,0.160929,0.22912621,0.2549352,0.2821101,0.28857377,0.28381315,0.24597979,0.29164273,0.28821942,0.2850819,0.23442404,0.17787972,0.2100095,0.20897509,0.27037716,0.09433769,0.020511175,0.004640589,0.0014344677,0.0004743459,0.00045148586,0.0007486664,0.00027432054,25,44,1008,756,3,IMG_8131.HEIC,16
0.0,0.0,0.0,0.0,0.0,0.0,0.0,1.7729239e-05,8.273644e-05,0.00027184832,0.00067371107,0.0026002883,0.004816443,0.0070207785,0.026511122,0.060793556,0.06983547,0.110169485,0.1212739,0.14864193,0.19005743,0.17009431,0.23308039,0.27179512,0.2897371,0.3224062,0.32498285,0.23930925,0.24476986,0.21254402,0.21630852,0.22548045,0.18260524,0.22475946,0.20749709,0.2372172,0.105512604,0.021044606,0.0059215655,0.005702905,0.005419237,0.007700399,0.006087038,0.00076826697,25,44,1008,756,3,IMG_8135.HEIC,16
0.0,0.0,0.0,0.0,0.0,0.0,0.0,1.7729239e-05,8.273644e-05,0.00027184832,0.00067371107,0.0026002883,0.004816443,0.0070207785,0.026511122,0.060793556,0.06983547,0.110169485,0.1212739,0.14864193,0.19005743,0.17009431,0.23308039,0.27179512,0.2897371,0.3224062,0.32498285,0.23930925,0.24476986,0.21254402,0.21630852,0.22548045,0.18260524,0.22475946,0.20749709,0.2372172,0.105512604,0.021044606,0.0059215655,0.005702905,0.005419237,0.007700399,0.006087038,0.00076826697,25,44,1008,756,3,IMG_81359.HEIC,16
0.0,0.0,0.0,0.0,0.0,0.0,4.9645543e-05,0.00018754983,0.0002316792,0.00023719536,0.000386132,0.0020354672,0.003348316,0.007623349,0.0145130465,0.018975629,0.027729793,0.052431207,0.07243836,0.11089711,0.123705655,0.11051649,0.16916442,0.21543407,0.26334754,0.331384,0.37517136,0.30888352,0.2983035,0.25438374,0.25796926,0.23452555,0.15842444,0.17524324,0.24127182,0.24923165,0.09303023,0.018175784,0.004903876,0.0037289318,0.0026643109,0.0013735266,0.00095429766,0.0007115861,25,44,1008,756,3,IMG_8138.HEIC,16
0.0,0.0,0.0,0.0,0.0,0.0,1.6540094e-05,2.7566823e-05,9.37272e-05,0.0001874544,0.0008600849,0.0015547688,0.0027015486,0.004283884,0.0067979787,0.015123159,0.023194725,0.04086506,0.06508527,0.09131234,0.13893127,0.13879344,0.20699927,0.23915873,0.2909954,0.36797848,0.3372856,0.2584886,0.3249577,0.2965308,0.23827107,0.20618881,0.14282922,0.17189568,0.1903875,0.24487057,0.0741713,0.02264339,0.009036405,0.012179023,0.014786844,0.011737953,0.007729737,0.002497554,25,44,1008,756,3,IMG_8139.HEIC,16
0.0,0.0,0.0,0.0,0.0,5.7845464e-06,2.3138185e-05,1.1569093e-05,6.941456e-05,0.00019089003,0.0005090401,0.0018394857,0.0032566995,0.007728154,0.012315299,0.03910932,0.05325832,0.09139005,0.113677904,0.13125715,0.1554539,0.15044448,0.23950335,0.26997057,0.27445936,0.2655338,0.27563363,0.23870508,0.26118383,0.23441295,0.22947875,0.23744406,0.1937823,0.23668629,0.31020787,0.2695483,0.07721791,0.019748442,0.0060390662,0.0028112896,0.0023600948,0.0012436775,0.001249462,0.00034128822,25,44,1008,756,3,IMG_8142.HEIC,16
0.0,0.0,0.0,0.0,0.0,5.7845464e-06,2.3138185e-05,1.1569093e-05,6.941456e-05,0.00019089003,0.0005090401,0.0018394857,0.0032566995,0.007728154,0.012315299,0.03910932,0.05325832,0.09139005,0.113677904,0.13125715,0.1554539,0.15044448,0.23950335,0.26997057,0.27445936,0.2655338,0.27563363,0.23870508,0.26118383,0.23441295,0.22947875,0.23744406,0.1937823,0.23668629,0.31020787,0.2695483,0.07721791,0.019748442,0.0060390662,0.0028112896,0.0023600948,0.0012436775,0.001249462,0.00034128822,25,44,1008,756,3,IMG_81429.HEIC,16
0.0,0.0,0.0,0.0,0.0,0.0,1.7207378e-05,0.000103244274,0.00029826124,0.0005678435,0.0014855703,0.0022599024,0.0036422284,0.0050589694,0.010892271,0.025977407,0.03143788,0.0599333,0.09433085,0.14576371,0.1951202,0.18322417,0.2572044,0.29418308,0.3333356,0.3272499,0.3103867,0.26867026,0.277664,0.23362458,0.2021867,0.19248174,0.14572355,0.17220572,0.18232365,0.19747761,0.1378942,0.035888854,0.0072615137,0.008213655,0.009062553,0.007164005,0.008127619,0.0025065416,25,44,1008,756,3,IMG_8143.HEIC,16
0.0,0.0,0.0,0.0,0.0,0.0,0.0,0.0,9.1302834e-05,0.00023396351,0.000587762,0.0015920931,0.0032640763,0.0047078026,0.008679476,0.016560052,0.026192501,0.06382068,0.08796457,0.11642823,0.17457673,0.18529339,0.22216833,0.2548205,0.26222745,0.29413208,0.30838102,0.2652918,0.2937098,0.2704504,0.26428175,0.23396923,0.17817177,0.20108879,0.21719232,0.2290731,0.1322065,0.019173596,0.0044281874,0.0024024057,0.002071433,0.001175524,0.0012839461,0.00087878975,25,44,1008,756,3,IMG_8146.HEIC,16
0.0,0.0,0.0,0.0,0.0,0.0,0.0,1.1470213e-05,5.7351067e-06,4.5880854e-05,0.00044160322,0.0015886246,0.0037392895,0.005064099,0.010340397,0.029094197,0.05213212,0.08944473,0.10365632,0.1300206,0.1574803,0.14517276,0.22031985,0.25500578,0.2781584,0.31490323,0.33337027,0.25672057,0.2784681,0.25513196,0.23919983,0.23134273,0.15346572,0.17163454,0.24850218,0.2598921,0.1056464,0.026702657,0.0066699293,0.0035615012,0.0012617235,0.0005161596,0.0008717362,0.00084306067,25,44,1008,756,3,IMG_8147.HEIC,16
0.0,0.0,0.0,0.0,0.0,0.0,0.0,0.0,0.0,0.00016329688,0.00086547347,0.0013499209,0.0024331235,0.00348911,0.0073538027,0.015121291,0.02634523,0.045162473,0.060740996,0.10698123,0.14060406,0.13423549,0.19723542,0.24485278,0.28287917,0.32529283,0.36577412,0.32286516,0.35224226,0.2875277,0.2315822,0.18295239,0.12468261,0.15675956,0.17664912,0.21578594,0.0942223,0.02560495,0.0023188158,0.0026236365,0.0033748022,0.0034618939,0.0029012412,0.0015676501,25,44,1008,756,3,IMG_8151.HEIC,16
0.0,0.0,0.0,0.0,0.0,0.0,0.0,0.0,0.0,0.00016329688,0.00086547347,0.0013499209,0.0024331235,0.00348911,0.0073538027,0.015121291,0.02634523,0.045162473,0.060740996,0.10698123,0.14060406,0.13423549,0.19723542,0.24485278,0.28287917,0.32529283,0.36577412,0.32286516,0.35224226,0.2875277,0.2315822,0.18295239,0.12468261,0.15675956,0.17664912,0.21578594,0.0942223,0.02560495,0.0023188158,0.0026236365,0.0033748022,0.0034618939,0.0029012412,0.0015676501,25,44,1008,756,3,IMG_81512.HEIC,16
0.0,0.0,0.0,0.0,0.0,0.0,0.0,0.0,4.646283e-05,0.00026716126,0.0010512215,0.0017946267,0.0036996028,0.0056858887,0.015536008,0.05828181,0.0769831,0.11939786,0.13927813,0.16515212,0.182959,0.15896095,0.22827187,0.26184708,0.29012552,0.3152677,0.32683116,0.2549996,0.29383093,0.2585366,0.23544458,0.2252576,0.15469798,0.17287657,0.21257325,0.17661683,0.07046088,0.009809464,0.0031304331,0.0020792116,0.0011209158,0.00064467173,0.0009989508,0.001347422,25,44,1008,756,3,IMG_8153.HEIC,16
0.0,0.0,0.0,0.0,0.0,0.0,0.0,0.0,2.7419754e-05,9.871111e-05,0.0004661358,0.0012942123,0.002895526,0.00485878,0.00873045,0.01891963,0.03497664,0.071867175,0.09708238,0.124589875,0.13822298,0.13933073,0.22637749,0.2646445,0.29723012,0.31856817,0.35074252,0.28429347,0.32263726,0.3030102,0.25692856,0.20664075,0.15029864,0.1893334,0.18807757,0.12202887,0.036013104,0.009075939,0.0021935801,0.0014696987,0.0012942123,0.0017164765,0.0017164765,0.0013819556,25,44,1008,756,3,IMG_8155.HEIC,16
0.0,0.0,0.0,0.0,0.0,0.0,0.0,1.0712794e-05,8.0345955e-05,6.963316e-05,0.00028388907,0.001617632,0.002480012,0.0039851596,0.0062241335,0.011435908,0.031061748,0.07495742,0.09342628,0.12419342,0.14002694,0.12157415,0.1872543,0.22065678,0.27985033,0.3462643,0.37412828,0.32328534,0.32796147,0.30264714,0.26535055,0.21406306,0.14702775,0.18945041,0.16844262,0.07910863,0.025041157,0.006566943,0.0021693408,0.0017997494,0.0018640262,0.0024318043,0.002683555,0.0023568147,25,44,1008,756,3,IMG_8157.HEIC,16
0.0,0.0,0.0,0.0,0.0,0.0,0.0,1.0712794e-05,8.0345955e-05,6.963316e-05,0.00028388907,0.001617632,0.002480012,0.0039851596,0.0062241335,0.011435908,0.031061748,0.07495742,0.09342628,0.12419342,0.14002694,0.12157415,0.1872543,0.22065678,0.27985033,0.3462643,0.37412828,0.32328534,0.32796147,0.30264714,0.26535055,0.21406306,0.14702775,0.18945041,0.16844262,0.07910863,0.025041157,0.006566943,0.0021693408,0.0017997494,0.0018640262,0.0024318043,0.002683555,0.0023568147,25,44,1008,756,3,IMG_81574.HEIC,16
